PENZNCE,PNZ,Penzance
STIVES,SIV,St Ives (Cornwall)
CARBISB,CBB,Carbis Bay
STERTH,SER,St Erth
LELANTS,LTS,Lelant Saltings
LELANT,LEL,Lelant
HAYLE,HYL,Hayle
CBORNE,CBN,Camborne
ARISAIG,ARG,Arisaig
MLAIG,MLG,Mallaig
MORAR,MRR,Morar
REDRUTH,RED,Redruth
BEASDAL,BSL,Beasdale
KYLELSH,KYL,Kyle of Lochalsh
LCHALRT,LCL,Lochailort
DUIRNSH,DRN,Duirinish
PRYN,PYN,Penryn
PERANWL,PRW,Perranwell
PLOCKTN,PLK,Plockton
PENMERE,PNM,Penmere
FALMTHT,FMT,Falmouth Town
DUNCRAG,DCG,Duncraig
NEWQUAY,NQY,Newquay
TRURO,TRU,Truro
FALMTHD,FAL,Falmouth Docks
QNTRLDW,QUI,Quintrell Downs
OBAN,OBN,Oban
STRMFRY,STF,Stromeferry
GLNFNNN,GLF,Glenfinnan
MLFDHVN,MFH,Milford Haven
STCLMBR,SCR,St Columb Road
CONNELF,CON,Connel Ferry
ATADALE,ATT,Attadale
JHNSTND,JOH,Johnston (Pembrokeshire)
STCN,STC,Strathcarron
FGDHGWK,FGW,Fishguard & Goodwick
FGDHBR,FGH,Fishguard Harbour
HAVRFDW,HVF,Haverfordwest
PEMBRKD,PMD,Pembroke Dock
RCHE,ROC,Roche
PEMBROK,PMB,Pembroke
LCHESDE,LCS,Locheilside
ACHHSHL,ACH,Achnashellach
TAYNULT,TAY,Taynuilt
LAMPHEY,LAM,Lamphey
CLARBRD,CLR,Clarbeston Road
STAUSTL,SAU,St Austell
BUGLE,BGL,Bugle
LUXULYN,LUX,Luxulyan
LCEILOB,LHE,Loch Eil Outward Bound
STRNRR,STR,Stranraer
MNORBER,MRB,Manorbier
PARR,PAR,Par
FLSCRHN,FOC,Falls of Cruachan
CORPACH,CPA,Corpach
FRTWLM,FTW,Fort William
LSTWTHL,LOS,Lostwithiel
BODMNPW,BOD,Bodmin Parkway
BANAVIE,BNV,Banavie
PNALLY,PNA,Penally
CLYNDRW,CUW,Clunderwen
NRBERTH,NAR,Narberth
LOCHAWE,LHA,Loch Awe
SDRSFOT,SDF,Saundersfoot
KILGETY,KGT,Kilgetty
TENBY,TEN,Tenby
DLMALLY,DAL,Dalmally
ACHNSHN,ACN,Achnasheen
GIRVAN,GIR,Girvan
WEMYSSB,WMS,Wemyss Bay
WHLAND,WTL,Whitland
LARGS,LAR,Largs
INVERKP,INP,Inverkip
WKILBRD,WKB,West Kilbride
FAIRLIE,FRL,Fairlie
SPEANBD,SBR,Spean Bridge
ARDRSHB,ADS,Ardrossan Harbour
BRRHL,BRL,Barrhill
ARDRSTN,ADN,Ardrossan Town
IBMM,IBM,IBM (Greenock)
ARDRSSB,ASB,Ardrossan South Beach
COOMBE,COE,Coombe Junction Halt
GRLCHHD,GCH,Garelochhead
GOUROCK,GRK,Gourock
LISKARD,LSK,Liskeard
HLYH,HHD,Holyhead
CAUSLND,CAU,Causeland
SLCT,SLT,Saltcoats
SDPLACE,SDP,Sandplace
BRNCHTN,BCN,Branchton
STKEYNE,SKN,St Keyne Wishing Well Halt
LOOE,LOO,Looe
FRTMTLD,FTM,Fort Matilda
ACHANLT,AAT,Achanalt
DRMFCHR,DFR,Drumfrochar
STVNSTN,STV,Stevenston
ROYBDGE,RYB,Roy Bridge
GRENCKW,GKW,Greenock West
GRENCKC,GKC,Greenock Central
WHINH,WNL,Whinhill
MENHENT,MEN,Menheniot
VALLEY,VAL,Valley
CRTSDYK,CDY,Cartsdyke
KILWNNG,KWN,Kilwinning
HLNSBRC,HLC,Helensburgh Central
DALRY,DLY,Dalry
MAYBOLE,MAY,Maybole
HLNSBRU,HLU,Helensburgh Upper
BOORCHY,BRO,Bridge of Orchy
BOGSTON,BGS,Bogston
CRGDRN,CGD,Craigendoran
ARCHRAT,ART,Arrochar & Tarbet
IRVN,IRV,Irvine
ARDLUI,AUI,Ardlui
PTGLSGW,PTG,Port Glasgow
GLGN,GLG,Glengarnock
LCHLCHR,LCC,Lochluichart
TROON,TRN,Troon
TYNDRML,TYL,Tyndrum Lower
RHOSNGR,RHO,Rhosneigr
BARASIE,BSS,Barassie
TYNDRMU,UTY,Upper Tyndrum
AYRR,AYR,Ayr
NWTOA,NOA,Newton-on-Ayr
WHHL,WDL,Woodhall
CDRS,CDR,Cardross
TYCROES,TYC,Ty Croes
PWCK,PTW,Prestwick
PWCKAPT,PRA,Prestwick Intl Airport
TULLOCH,TUL,Tulloch
CORROUR,CRR,Corrour
STGRMNS,SGM,St Germans
LCHWNCH,LHW,Lochwinnoch
FYSD,FYS,Ferryside
PWLHELI,PWL,Pwllheli
CRNLRCH,CNR,Crianlarich
LGBK,LGB,Langbank
BODORGN,BOR,Bodorgan
RENTON,RTN,Renton
BALLOCH,BHC,Balloch
DLREOCH,DLR,Dalreoch
ALXANDR,ALX,Alexandria
HOWOOD,HOZ,Howwood (Renfrewshire)
GARVE,GVE,Garve
DMBRTNC,DBC,Dumbarton Central
KIDWELY,KWL,Kidwelly
ABRE,ABH,Abererch
DMBRTNE,DBE,Dumbarton East
KLMAURS,KLM,Kilmaurs
DNLP,DNL,Dunlop
CMTHN,CMN,Carmarthen
MILKNPK,MIN,Milliken Park
STEWRTN,STT,Stewarton
RANNOCH,RAN,Rannoch
KILMRNK,KMK,Kilmarnock
GUNISLK,GSL,Gunnislake
PENYCHN,BPC,Penychain
SASH,STS,Saltash
JOHNSTN,JHN,Johnstone
CALSTCK,CSK,Calstock
BISHPTN,BPT,Bishopton
BEREALS,BAS,Bere Alston
BOWLING,BWG,Bowling
STBDXVR,SBV,St Budeaux Victoria Road
STBDXFR,SBF,St Budeaux Ferry Road
PMBRYBP,PBY,Pembrey & Burry Port
KEYHAM,KEY,Keyham
BEREFRS,BFE,Bere Ferrers
DOCKYDP,DOC,Dockyard (Plymouth)
DEVNPRT,DPT,Devonport
KLPTRCK,KPT,Kilpatrick
PSLYSTJ,PYJ,Paisley St James
PLYMTH,PLY,Plymouth
NEILSTN,NEI,Neilston
PSLYCAN,PCN,Paisley Canal
PSLYGST,PYG,Paisley Gilmour Street
DALMUIR,DMR,Dalmuir
CRICCTH,CCC,Criccieth
SINGER,SIN,Singer
CLYBANK,CYK,Clydebank
BRHD,BRR,Barrhead
HWKHEAD,HKH,Hawkhead
LLNLLI,LLE,Llanelli
YOKER,YOK,Yoker
DRUMRY,DMY,Drumry
HLNGTNW,HLW,Hillington West
BEAULY,BEL,Beauly
CROKSTN,CKT,Crookston
GSCD,GRS,Garscadden
NITSH,NIT,Nitshill
DRMCHPL,DMC,Drumchapel
LFPW,LPG,Llanfairpwll
HLNGTNE,HLE,Hillington East
MUROORD,MOO,Muir of Ord
SCTSTNH,SCH,Scotstounhill
MSSPARK,MPK,Mosspark
PHLD,PTL,Priesthill & Darnley
CDNL,CDO,Cardonald
PATERTN,PTT,Patterton
CKHL,CKH,Corkerhill
CONONBR,CBD,Conon Bridge
WESTRTN,WES,Westerton
BSDN,BRN,Bearsden
KENISHD,KNS,Kennishead
JORDANH,JOR,Jordanhill
ANSL,ANL,Anniesland
BYNEA,BYE,Bynea
ACHILCK,AUK,Auchinleck
HLFT,HLF,Hillfoot
THLB,THB,Thornliebank
WTCR,WCR,Whitecraigs
HYNDLND,HYN,Hyndland
DINGWAL,DIN,Dingwall
MLGV,MLN,Milngavie
BRNSTPL,BNP,Barnstaple
PTCK,PTK,Partick
DAWSHLM,KVD,Kelvindale
PLKSHWW,PWW,Pollokshaws West
DUMBRCK,DUM,Dumbreck
MRYHILL,MYH,Maryhill
TONFNAU,TNF,Tonfanau
GIFNOCK,GFN,Giffnock
LLGNNCH,LLH,Llangennech
WMWD,WLM,Williamwood
SHWLNDS,SHL,Shawlands
PRTHMDG,PTM,Porthmadog
MAXWLPK,MAX,Maxwell Park
SUMRSTN,SUM,Summerston
PLKSHWE,PWE,Pollokshaws East
CRSMYLF,CMY,Crossmyloof
LNDW,LDN,Llandanwg
PRTHHBR,PMG,Porthmadog Harbour Ffestiniog
EXHIBTC,EXG,Exhibition Centre (Glasgow)
LAMBH,GSC,Gilshochill
CLRKSTN,CKS,Clarkston
LNSD,LGS,Langside
BANGOR,BNG,Bangor (Gwynedd)
MUIREND,MUI,Muirend
PLKLHDW,PLW,Pollokshields West
CULRAIN,CUA,Culrain
PSRN,PES,Pensarn (Gwynedd)
LBDR,LBR,Llanbedr
ANDRSTN,AND,Anderston
INVRSHN,INH,Invershin
PLKLHDE,PLE,Pollokshields East
CHRNGXG,CHC,Charing Cross (Glasgow)
CHAPLTN,CPN,Chapelton (Devon)
HRLC,HRL,Harlech
QUNPARK,QPK,Queens Park (Glasgow)
DYFRYNA,DYF,Dyffryn Ardudwy
BUSBY,BUS,Busby
TYWYN,TYW,Tywyn
LAIRG,LRG,Lairg
MTFL,MFL,Mount Florida
CCRT,CCT,Cathcart
ABRYSTH,AYW,Aberystwyth
TALB,TLB,Talybont
GLGCLL,GCL,Glasgow Central Low Level
CROSSHL,COI,Crosshill
PNTADLS,PTD,Pontarddulais
GLGC,GLC,Glasgow Cen.
POSILPK,PPK,Possilpark & Parkhouse
THAL,THT,Thorntonhall
LYNGRIL,LLW,Llwyngwril
GLGQHL,GLQ,Glasgow Queen Street
ARGYLST,AGS,Argyle Street
OKHMPTN,OKE,Okehampton
GOWERTN,GWN,Gowerton
GLGQLL,GQL,Glasgow Queen Street Low Level
KGPK,KGP,Kings Park
ASFIELD,ASF,Ashfield
LNAB,LLA,Llanaber
GLGHST,HST,High Street (Glasgow)
MINFORD,MFF,Minffordd
MINFFR,MFD,Minffordd Ffestiniog
ARDGAY,ARD,Ardgay
TYGWYN,TYG,Tygwyn
CFFT,CFF,Croftfoot
SPRNGBN,SPR,Springburn
ABDVY,AVY,Aberdovey
BRIDGTN,BDG,Bridgeton
HARMYRS,HMY,Hairmyres
BLGRVE,BLG,Bellgrove
BORTH,BRH,Borth
UMBRLGH,UMB,Umberleigh
BSHB,BBG,Bishopbriggs
TLSRNAU,TAL,Talsarnau
BNHL,BNL,Barnhill
BRMOUTH,BRM,Barmouth
DLMRNOK,DAK,Dalmarnock
PRHN,PRH,Penrhyndeudraeth
RTHGLEN,RUT,Rutherglen
DUKEST,DST,Duke Street
FRBN,FRB,Fairbourne
ALXPD,AXP,Alexandra Parade
NWCMNCK,NCK,New Cumnock
LNDC,LLC,Llandecwyn
LLDYBIE,LLI,Llandybie
BRSDE,BUI,Burnside (Strathclyde)
PENHELG,PHG,Penhelig
PNTYFYN,PTF,Pantyffynnon
AMMANFD,AMF,Ammanford
SAMPCRT,SMC,Sampford Courtenay
MFAM,MFA,Morfa Mawddach
FFAIRFC,FFA,Ffairfach
PRTSMTA,PMA,Portsmouth Arms
EKILBRD,EKL,East Kilbride
LLDEILO,LLL,Llandeilo
DALWHIN,DLW,Dalwhinnie
CNTY,CAY,Carntyne
CMBSLNG,CBL,Cambuslang
RBRYSTN,RRN,Robroyston
KRKH,KKH,Kirkhill
IVYBDGE,IVY,Ivybridge
SHTLSTN,SLS,Shettleston
CARMYLE,CML,Carmyle
TANY,TYB,Tan-y-Bwlch Ffestiniog
LENZIE,LNZ,Lenzie
SWANSEA,SWA,Swansea
ALNESS,ASS,Alness
STEPPS,SPS,Stepps
KNYMPTN,KGN,Kings Nympton
NWTL,NTN,Newton (S Lanarks)
MNTVRNN,MTV,Mount Vernon
IVRNESS,INV,Inverness
GARROWH,GAR,Garrowhill
BALISTN,BIO,Baillieston
LANFRFC,LLF,Llanfairfechan
ESHS,EST,Easterhouse
EGGESFD,EGG,Eggesford
BLANTYR,BLT,Blantyre
UDNGSTN,UDD,Uddingston
DOVYJN,DVY,Dovey Junction
LLNSMLT,LAS,Llansamlet
LLGADOG,LLG,Llangadog
BLAENAU,BFF,Blaenau Ffestiniog
GRTCSH,GRH,Gartcosh
BRGDDIE,BGI,Bargeddie
IVRGRD,IGD,Invergordon
HAMLTNW,HNW,Hamilton West
ROMANBG,RMB,Roman Bridge
LLWRDA,LNR,Llanwrda
NWTM,NWR,Newtonmore
PNMNMWR,PMW,Penmaenmawr
KRKWOOD,KWD,Kirkwood
HAMLTNC,HNC,Hamilton Central
BLAIRHL,BAI,Blairhill
SKEWEN,SKE,Skewen
ROGART,ROG,Rogart
LAPFORD,LAP,Lapford
COATBDC,CBC,Coatbridge Central
CROY,CRO,Croy
COATBDS,CBS,Coatbridge Sunnyside
BLSHL,BLH,Bellshill
KRKC,KRK,Kirkconnel
WHIFLET,WFF,Whifflet
DLWYDLN,DWD,Dolwyddelan
BRITFRY,BNF,Briton Ferry
CHTLRT,CTE,Chatelherault
MCHYNLT,MCN,Machynlleth
COATDYK,COA,Coatdyke
BGLAN,BAJ,Baglan
MOCHARD,MRD,Morchard Road
AIRBLES,AIR,Airbles
MOTHRWL,MTH,Motherwell
NEATH,NTH,Neath
PNYPANT,PYP,Pont-y-Pant
GRNFLDS,GRL,Greenfaulds
KGUSSIE,KIN,Kingussie
MRRYTON,MEY,Merryton
AIRDRIE,ADR,Airdrie
LARKHAL,LRH,Larkhall
LLDVERY,LLV,Llandovery
HOLYTWN,HLY,Holytown
CMBRNLD,CUB,Cumbernauld
COPLSTN,COP,Copplestone
PTALBOT,PTA,Port Talbot Parkway
SHILDMR,SDM,Shieldmuir
CARFIN,CRF,Carfin
DEGANWY,DGY,Deganwy
CONWY,CNW,Conwy
DUNANE,DBL,Dunblane
SANQHAR,SQH,Sanquhar
DRMGLCH,DRU,Drumgelloch
TAIN,TAI,Tain
DOLGARG,DLG,Dolgarrog
YEOFORD,YEO,Yeoford
LUDO,LLD,Llandudno
BGOALAN,BEA,Bridge of Allan
TALYCFN,TLC,Tal-y-Cafn
WISHAW,WSH,Wishaw
LANDUDJ,LLJ,Llandudno Junction
BETSYCD,BYC,Betws-y-Coed
NLANRST,NLR,North Llanrwst
STIRLNG,STG,Stirling
LNRWST,LWR,Llanrwst
TOTNES,TOT,Totnes
GLNCNWY,GCW,Glan Conwy
CYNGHRD,CYN,Cynghordy
CLELAND,CEA,Cleland
FEARN,FRN,Fearn
CLDRCRX,CAC,Caldercruix
PYLE,PYL,Pyle
GOLSPIE,GOL,Golspie
CRLK,CLU,Carluke
CREDITN,CDI,Crediton
SGRLOAF,SUG,Sugar Loaf
HRTW,HTW,Hartwood
DNROBIN,DNO,Dunrobin Castle
CBAY,CWB,Colwyn Bay
MAESTGW,MST,Maesteg
MAESTER,MEW,Maesteg (Ewenny Road)
LARBERT,LBT,Larbert
KINBRAC,KBC,Kinbrace
GRTHMG,GMG,Garth (Bridgend)
NABT,NTA,Newton Abbot
CAMELON,CMO,Camelon
BLARATH,BLA,Blair Atholl
SHTT,SHS,Shotts
NSTCYRE,NTC,Newton St Cyres
NAIRN,NRN,Nairn
FALKRKH,FKK,Falkirk High
LLWRTYW,LNW,Llanwrtyd
LANARK,LNK,Lanark
FALKRKG,FKG,Falkirk Grahamston
ALLOA,ALO,Alloa
PAIGNTN,PGN,Paignton
FORSNRD,FRS,Forsinard
TONDU,TDU,Tondu
AVIEMRE,AVM,Aviemore
SARN,SRR,Sarn
CARRBDG,CAG,Carrbridge
KILDONN,KIL,Kildonan
TORRE,TRR,Torre
WLDMILL,WMI,Wildmill
TORQUAY,TQY,Torquay
BLKRDGE,BKR,Blackridge
BRORA,BRA,Brora
BRGEND,BGN,Bridgend
EXETRSD,EXD,Exeter St Davids
EXETRST,EXT,Exeter St Thomas
EXETERC,EXC,Exeter Central
FAULDHS,FLD,Fauldhouse
STJAMSP,SJP,St James Park (Devon)
GLNEGLS,GLE,Gleneagles
POLMONT,PMT,Polmont
LLGMMRW,LLM,Llangammarch
PTLCHRY,PIT,Pitlochry
TREHRBT,TRB,Treherbert
ARMDALE,ARM,Armadale (W Lothian)
POLSBDG,POL,Polsloe Bridge
TEINMTH,TGM,Teignmouth
ABGLELE,AGL,Abergele & Pensarn
YNYSWEN,YNW,Ynyswen
CRSTRS,CRS,Carstairs
GARTH,GTH,Garth (Powys)
BREICH,BRC,Breich
TREORCY,TRY,Treorchy
PENCOED,PCD,Pencoed
DIGBY,DIG,Digby & Sowton
NWCOURT,NCO,Newcourt
DAWLISH,DWL,Dawlish
PINHOE,PIN,Pinhoe
TOPSHAM,TOP,Topsham
STBEES,SBS,St Bees
LLNWTMR,LWM,Llantwit Major
TONPNTR,TPN,Ton Pentre
WHITHVN,WTH,Whitehaven
DUMFRES,DMF,Dumfries
STRCROS,SCS,Starcross
CRCK,CKL,Corkickle
BTHGATE,BHG,Bathgate
PARTON,PRN,Parton
DAWLSHW,DWW,Dawlish Warren
EXTON,EXN,Exton
LYMPSTC,LYC,Lympstone Commando
NETHRTN,NRT,Nethertown
YTRHOND,YSR,Ystrad Rhondda
LYMPSTN,LYM,Lympstone Village
HNGT,HRR,Harrington
ADIEWEL,ADW,Addiewell
LLWYNYP,LLY,Llwynypia
WKNT,WKG,Workington
TNYPNDY,TNP,Tonypandy
CBRK,CBK,Cranbrook
EXMOUTH,EXM,Exmouth
BRYSTNS,BYS,Braystones
LLHARAN,LLR,Llanharan
ALTNBRC,ABC,Altnabreac
ABDARE,ABA,Aberdare
CILMERY,CIM,Cilmeri
LNLTHGW,LIN,Linlithgow
DINASR,DMG,Dinas (Rhondda)
RHYL,RHL,Rhyl
WCALDER,WCL,West Calder
FLIMBY,FLM,Flimby
SELAFLD,SEL,Sellafield
HELMSDL,HMS,Helmsdale
CMBH,CMH,Cwmbach
BUILTHR,BHR,Builth Road
PORH,POR,Porth
CARSWS,CWS,Caersws
FORRES,FOR,Forres
DUNKELD,DKD,Dunkeld & Birnam
PONYCLN,PYC,Pontyclun
LVNSTNN,LSN,Livingston North
FERNHIL,FER,Fernhill
SEASCAL,SSC,Seascale
MPRT,MRY,Maryport
TREHAFD,TRH,Trehafod
TIVIPW,TVP,Tiverton Parkway
WHIMPLE,WHM,Whimple
MASH,MTA,Mountain Ash
MERTHYR,MER,Merthyr Tydfil
LLDODW,LLO,Llandrindod
PNTRBCH,PTB,Pentre-Bach
PNRHCBR,PER,Penrhiwceiber
LVNSTNS,LVG,Livingston South
RHOOSE,RIA,Rhoose
UPHALL,UHA,Uphall
DRIGG,DRI,Drigg
PSTA,PRT,Prestatyn
TRDYRHW,TRD,Troed-y-Rhiw
PTYPRID,PPD,Pontypridd
MERTHRV,MEV,Merthyr Vale
ABRCYNS,ACY,Abercynon
TREFRST,TRF,Trefforest
RGLS,RAV,Ravenglass
QUAKRSY,QYD,Quakers Yard
BOOTLE,BOC,Bootle (Cumbria)
FENITON,FNT,Feniton
SCSCLDR,SCT,Scotscalder
DNFRMLE,DFE,Dunfermline Town
PYBONT,PNY,Pen-y-Bont
KRKNWTN,KKN,Kirknewton
TRFRSTE,TRE,Trefforest Estate
BARRY,BRY,Barry
NWTP,NWT,Newtown (Powys)
RHYMNEY,RHY,Rhymney
ROSYTH,ROS,Rosyth
PERTH,PTH,Perth
THURSO,THS,Thurso
BARRYIS,BYI,Barry Island
DNFRMQM,DFL,Dunfermline Queen Margaret
PNTLTYN,PLT,Pontlottyn
BARRYDK,BYD,Barry Docks
TAFFSWL,TAF,Taffs Well
IVRKTHG,INK,Invrkthng
SILCRFT,SIC,Silecroft
NQNSFRY,NQU,North Queensferry
CADOXTN,CAD,Cadoxton
RADYR,RDR,Radyr
LCKRBIE,LOC,Lockerbie
DLMY,DAM,Dalmeny
DOLAU,DOL,Dolau
TIRPHIL,TIR,Tir-phil
YSTRADM,YSM,Ystrad Mynach
ASPTRIA,ASP,Aspatria
FRWATER,FRW,Fairwater
DANESCT,DCT,Danescourt
CORYTON,COY,Coryton
LLBRDCH,LNB,Llanbradach
WAUNGRN,WNG,Waun-gron Park
LLANDAF,LLN,Llandaf
ABER,ABE,Aber
DALGETY,DAG,Dalgety Bay
ERGNCHP,ECP,Energlyn & Churchill Park
PENGAM,PGM,Pengam
BARGOED,BGD,Bargoed
BRITHDR,BHD,Brithdir
WHCH,WHT,Whitchurch (Cardiff)
GLFCHFR,GFF,Gilfach Fargoed
DINASP,DNS,Dinas Powys
HENGOED,HNG,Hengoed
GRGMASJ,GGJ,Georgemas Junction
CRPHLY,CPH,Caerphilly
RHIWBNA,RHI,Rhiwbina
EASTBRK,EBK,Eastbrook
BSPSLYD,BIB,Bishop's Lydeard
HONITON,HON,Honiton
CWDNBTH,COW,Cowdenbeath
NINIANP,NNP,Ninian Park
BCHGRV,BCG,Birchgrove
TYGLAS,TGS,Ty Glas
EBWVTN,EBB,Ebbw Vale Town
MLLM,MLM,Millom
LLBSTRD,LLT,Llanbister Road
GNTN,GTN,Grangetown (Cardiff)
COGAN,CGN,Cogan
EBWVPWY,EBV,Ebbw Vale Parkway
EDINGWY,EGY,Edinburgh Gateway
CURRIEH,CUH,Curriehill
LTHH,LVT,Lisvane & Thornhill
DGLROAD,DGL,Dingle Road
HEATHLL,HLL,Heath Low Level
LLISHEN,LLS,Llanishen
HEATHHL,HHL,Heath High Level
CRDFCEN,CDF,Cardiff Central
CATHAYS,CYS,Cathays
EDINPRK,EDP,Edinburgh Park
PENARTH,PEN,Penarth
LCHGLLY,LCG,Lochgelly
CARDFQS,CDQ,Cardiff Queen Street
STHGYLE,SGL,South Gyle
GREENRD,GNR,Green Road
CARDFBR,CDB,Cardiff Bay
ABDO,AUR,Aberdour
ANNAN,ANN,Annan
WHAILES,WTA,Wester Hailes
BAROW,BIF,Barrow-in-Furness
FOXFILD,FOX,Foxfield
LLGUNLO,LGO,Llangynllo
KNGW,KGE,Kingsknowe
NBRWGE,NBE,Newbridge
WKIRBY,WKI,West Kirby
ASKAM,ASK,Askam
LLHLETH,LTH,Llanhilleth
CDND,CDD,Cardenden
HOYLAKE,HYK,Hoylake
ELGIN,ELG,Elgin
ROOSE,ROO,Roose
CRSKEYS,CKY,Crosskeys
MNRD,MNR,Manor Road
SLATEFD,SLA,Slateford
KRKBYIF,KBF,Kirkby-in-Furness
TAUNTON,TAU,Taunton
WELSHPL,WLP,Welshpool
DALTON,DLT,Dalton
BISLND,BTS,Burntisland
MELS,MEO,Meols
HAYMRKT,HYM,Haymarket
RISCA,RCA,Risca & Pontymister
FLINT,FLN,Flint
WIGTON,WGT,Wigton
KNUCKLS,KNU,Knucklas
EDINBUR,EDB,Edinburgh
MOTO,MRT,Moreton (Merseyside)
ROGRSTN,ROR,Rogerstone
KGHN,KGH,Kinghorn
LEASOWE,LSW,Leasowe
KCLD,KDY,Kirkcaldy
PYECRNR ,PYE,Pye Corner
UPTON,UPT,Upton
BDSTON,BID,Bidston
ULVRSTN,ULV,Ulverston
CHIRK,CRK,Chirk
HESWALL,HSW,Heswall
WALAGRD,WLG,Wallasey Grove Road
WALASYV,WLV,Wallasey Village
KNIGHTN,KNI,Knighton
FRSHFLD,FRE,Freshfield
GLNRTHS,GLT,Glnrothes
FORMBY,FBY,Formby
NESTON,NES,Neston
AXMNSTR,AXM,Axminster
BCKY,BCK,Buckley
PNYF,PNF,Penyffordd
BRKNHDN,BKN,Birkenhead North
CWMBRAN,CWM,Cwmbran
MKIN,MNC,Markinch
PONTYPL,PPL,Pontypool & New Inn
HITN,HTO,Hightown
RUABON,RUA,Ruabon
GOBOWEN,GOB,Gobowen
HALLRD,HLR,Hall Road
NBTN,NBN,New Brighton
ABRGVNY,AGV,Abergavenny
LADYBNK,LDY,Ladybank
BLCKPB,BPB,Blackpool Pleasure Beach
HOPC,HPE,Hope (Flintshire)
SHOTTON,SHT,Shotton
NWPTRTG,NWP,Newport (S Wales)
BRDGWTR,BWT,Bridgwater
SHOTTHL,SHT,Shotton High Level
SQUIRES,SQU,Squires Gate
CAERGWL,CGW,Caergwrle
BRKNHDP,BKP,Birkenhead Park
BLCKS,BPS,Blackpool South
BLCKPLN,BPN,Blackpool North
CEFNYBD,CYB,Cefn-y-Bedd
BLNDLAC,BLN,Blundellsands & Crosby
AINSDAL,ANS,Ainsdale
HAWARDN,HWD,Hawarden
HAWDNBG,HWB,Hawarden Bridge
BRUSTAN,BSU,Brunstane
GWRSYLT,GWE,Gwersyllt
NCRAGHA,NEW,Newcraighall
GRETGRN,GEA,Gretna Green
WLOO,WLO,Waterloo (Merseyside)
BRKNCPK,CNP,Conway Park
HGHBRDG,HIG,Highbridge & Burnham-on-Sea
BRKNHDC,BKC,Birkenhead Central
STAS,SAS,St Annes-on-the-Sea
LAYTON,LAY,Layton (Lancs)
HILLSID,HIL,Hillside
ESKBANK,EKB,Eskbank
WSMARE,WSM,Weston-super-Mare
GNLN,GNL,Green Lane
SHWFAIR,SFI,Shawfair
HAMTSQ,BKQ,Birkenhead Hamilton Square
ROCKFRY,RFY,Rock Ferry
WREXHMG,WRX,Wrexham General
BKDLE,BDL,Birkdale
MSELBGH,MUB,Musselburgh
WREXHMC,WXC,Wrexham Central
NWTGRNG,NEG,Newtongrange
BEBNGTN,BEB,Bebington
SFRTHAL,SFL,Seaforth & Litherland
PSLT,PSL,Port Sunlight
SOUTHPT,SOP,Southport
SPITAL,SPI,Spital
BOOTLOR,BOT,Bootle Oriel Road
BOOTLNS,BNW,Bootle New Strand
JAMESST,LVJ,Liverpool James Street
BRMBRK,BMR,Bromborough Rake
SANDH,SDL,Sandhills
MORFLDS,MRF,Moorfields (Loop Station)
MORFNL,MRF,Moorfields (Northern Line Station)
BRMB,BOM,Bromborough
WMILTON,WNM,Weston Milton
BNKHALL,BAH,Bank Hall
GOREBRG,GBG,Gorebridge
ANSDELL,AFV,Ansdell & Fairhaven
ESTHRAK,ERA,Eastham Rake
KRKDALE,KKD,Kirkdale
PLTNLFY,PFY,Poulton-le-Fylde
INVGWRE,ING,Invergowrie
SPFD,SPF,Springfield
HOOTON,HOO,Hooton
LVRPLCH,LVC,Liverpool Central
LVRPLCL,LVC,Liverpool Central Loop Line
LVRPLSH,LIV,Liverpool Lime Street
LVRPLSL,LVL,Liverpool Lime Street Low Level
BNWK,BRW,Brunswick
BKNELL,BUK,Bucknell
MEOLSCP,MEC,Meols Cop
WALTONM,WAO,Walton (Merseyside)
WICK,WCK,Wick
ORELPKH,OPK,Orrell Park
RICELA,RIL,Rice Lane
LYTHAM,LTM,Lytham
CARK,CAK,Cark
DALSTON,DLS,Dalston (Cumbria)
AINTREE,AIN,Aintree
WALLYFD,WAF,Wallyford
STMCHLS,STM,St Michaels
WORLE,WOR,Worle
OLDROAN,ORN,Old Roan
EDGH,EDG,Edge Hill
LTLSUTN,LTT,Little Sutton
CPNHRST,CPU,Capenhurst
CUPAR,CUP,Cupar
FAZKRLY,FAZ,Fazakerley
MSSD,MOS,Moss Side
HOPTONH,HPT,Hopton Heath
MAGHULL,MAG,Maghull
AIGBURT,AIG,Aigburth
OPOL,OVE,Overpool
WVRTTEC,WAV,Wavertree Technology Park
MSLH,MSH,Mossley Hill
PPAN,PST,Prestonpans
CRSNGTN,CSG,Cressington
BESCRLA,BES,Bescar Lane
KTBK,KBK,Kents Bank
WALERTN,WSA,West Allerton
BROOME,BME,Broome
TOWNGRN,TWN,Town Green
KKBY,KIR,Kirkby
CARLILE,CAR,Carlisle
DUNDETB,DEE,Dundee
HEYMST,HHB,Heysham Port
ELSMPRT,ELP,Ellesmere Port
BACHE,BAC,Bache
BROADGR,BGE,Broad Green
AGHTNPH,AUG,Aughton Park
LVRPSPY,LPY,Liverpool South Parkway
ALERTN,LPY,Alerton
GOVS,GOS,Grange-over-Sands
CHST,CTR,Chester
WMER,WDM,Windermere
ORMSKRK,OMS,Ormskirk
KIRKHAM,KKM,Kirkham & Wesham
YATTON,YAT,Yatton
NEWLANE,NLN,New Lane
KEITH,KEH,Keith
HUNTSX,HNX,Hunts Cross
CRAVENA,CRV,Craven Arms
ROBY,ROB,Roby
MORCAME,MCM,Morecambe
STNLWAT,SNT,Stanlow & Thornton
HUYTON,HUY,Huyton
BRSCGHB,BCB,Burscough Bridge
BRSCGHJ,BCJ,Burscough Junction
LNGNDRY,LND,Longniddry
HALW,HED,Halewood
LEUCHRS,LEU,Leuchars
CRKRN,CKN,Crewkerne
BARELA,BAR,Bare Lane
CSTR,CTT,Church Stretton
INEL,INE,Ince & Elton
STOW,SOI,Stow
ARNSIDE,ARN,Arnside
SEVTNLJ,STJ,Severn Tunnel Junction
SALWICK,SLW,Salwick
BRFRY,BYF,Broughty Ferry
RUFDORD,RUF,Rufford
WETHERL,WRL,Wetheral
HOSCAR,HSC,Hoscar
STAVELY,SVL,Staveley
PRESCOT,PSC,Prescot
WHISTON,WHN,Whiston
LANCSTR,LAN,Lancaster
CDCOT,CDT,Caldicot
SDAL,SVR,Silverdale
RNFD,RNF,Rainford
NAILSEA,NLS,Nailsea & Backwell
ECPK,ECL,Eccleston Park
BALMOSS,BSI,Balmossie
HOUGHGR,HGN,Hough Green
HELSBY,HSB,Helsby
CROT,CSO,Croston
PARBOLD,PBL,Parbold
RHIL,RNH,Rainhill
GALASLS,GAL,Galashiels
SHRWBY,SHR,Shrewsbury
THHT,THH,Thatto Heath
CRNF,CNF,Carnforth
MONIFTH,MON,Monifieth
LEOMNST,LEO,Leominster
BNSD,BUD,Burneside (Cumbria)
YORTON,YRT,Yorton
ARMTHWT,AWT,Armathwaite
RUNCORN,RUN,Runcorn
UPHOLND,UPL,Upholland
DREMJ,DRM,Drem
PNTH,PNR,Penrith North Lakes
MLDSWTH,MLD,Mouldsworth
WIDNES,WID,Widnes
LUDLOW,LUD,Ludlow
HEREFRD,HFD,Hereford
AVONMTH,AVN,Avonmouth
STHLNSC,SNH,St Helens Central
WEMM,WEM,Wem
SADWRD,SAR,St Andrews Road
FRDSHM,FRD,Frodsham
LEGR,LEG,Lea Green
KENDAL,KEN,Kendal
TWDBANK,TWB,Tweedbank
APLYBDG,APB,Appley Bridge
SHAMPTN,SHH,Shirehampton
ORRELL,ORR,Orrell
OXENHLM,OXN,Oxenholme Lake District
PRST,PRE,Preston
HNTL,HNT,Huntly
STHLNSJ,SHJ,St Helens Junction
CHEPSTW,CPW,Chepstow
PREES,PRS,Prees
SVRNBCH,SVB,Severn Beach
GATHRST,GST,Gathurst
BRRYLNK,BYL,Barry Links
NBERWCK,NBW,North Berwick
LEYLAND,LEY,Leyland
LSTH,LOH,Lostock Hall
LAZKRKO,LZB,Lazonby & Kirkoswald
SEMILLS,SML,Sea Mills
WCHR,WTC,Whitchurch (Shrops)
BRMPTNC,BMP,Brampton (Cumbria)
GARW,GSW,Garswood
DELAMER,DLM,Delamere
PBRT,PEM,Pemberton
EUXT,EBA,Euxton Balshaw Lane
RUNCRNE,RUE,Runcorn East
GOLFSTR,GOF,Golf Street
WRGTWST,WAW,Warrington West
CHORBUK,BSV,Buckshaw Parkway
BMBRBDG,BMB,Bamber Bridge
CNST,CAN,Carnoustie
PILNING,PIL,Pilning
SANKEY,SNK,Sankey for Penketh
YOVILPM,YVP,Yeovil Pen Mill
YOVILJN,YVJ,Yeovil Junction
BRYN,BYN,Bryn
LWBY,LGW,Langwathby
CLFDOWN,CFN,Clifton Down
ERLSTWN,ERL,Earlestown
PARSNST,PSN,Parson Street
WIGANNW,WGN,Wigan North Western
WIGANWL,WGW,Wigan Wallgate
REDLAND,RDA,Redland
CHORLEY,CRL,Chorley
BDMNSTR,BMT,Bedminster
MONPELR,MTP,Montpelier
NWTNLW,NLW,Newton-le-Willows
THFORD,THO,Thornford
INCE,INC,Ince (Manchester)
BRSTLTM,BRI,Bristol Temple Meads
YTMNSTR,YET,Yetminster
CHETNOL,CNO,Chetnole
ACBG,ACB,Acton Bridge
MDNNWTN,MDN,Maiden Newton
WRGTNBQ,WBQ,Warrington Bank Quay
CUDNGTN,CUD,Cuddington
WRENBRY,WRE,Wrenbury
ADNL,ADL,Adlington (Lancs)
WRGT,WAC,Warrington Central
STPLTNR,SRD,Stapleton Road
LAWRNCH,LWH,Lawrence Hill
FILTNEW,FIT,Filton Abbey Wood
PATCHWY,PWY,Patchway
WENNGTN,WNN,Wennington
HINDLEY,HIN,Hindley
BLRD,BLK,Blackrod
BRSTPWY,BPW,Bristol Parkway
INSCH,INS,Insch
PADGATE,PDG,Padgate
HARTFD,HTF,Hartford
LYDNEY,LYD,Lydney
CCARY,CLC,Castle Cary
ARBROTH,ARB,Arbroath
SHERBRN,SHE,Sherborne
PLSNGTN,PLS,Pleasington
HORWICH,HWI,Horwich Parkway
GBNK,GBK,Greenbank
WELNGTN,WLN,Wellington (Shropshire)
BIRCHWD,BWD,Birchwood
NANTWCH,NAN,Nantwich
WSTHOTN,WHG,Westhoughton
KEYNSHM,KYN,Keynsham
CHTR,CYT,Cherry Tree
DAISYH,DSY,Daisy Hill
BNTHAM,BEN,Bentham
NTHWICH,NWI,Northwich
MLHL,MLH,Mill Hill (Lancs)
WNSFD,WSF,Winsford
UPWEY,UPW,Upwey
HAGFOLD,HGF,Hag Fold
LOSTCKP,LOT,Lostock
WEYMTH,WEY,Weymouth
DUNBAR,DUN,Dunbar
ATHERTN,ATN,Atherton
BLKB,BBN,Blackburn
RMSWILP,RGW,Ramsgreave & Wilpshire
APBY,APP,Appleby
ZZTYLIN,ZZT,Lintley
BRUTON,BRU,Bruton
DRCHW,DCW,Dorchester West
LSTG,LTG,Lostock Gralam
DRCHS,DCH,Dorchester South
DARWEN,DWN,Darwen
ZZTYKKH,ZZT,Kirkhaugh
GLAZBRK,GLZ,Glazebrook
OAKNGTS,OKN,Oakengates
YATE,YAE,Yate
TELFRDC,TFC,Telford Central
HLTWHST,HWH,Haltwhistle
LGHO,LHO,Langho
TMPCMB,TMC,Templecombe
LDBURY,LED,Ledbury
CREWE,CRE,Crewe
MONTRSE,MTS,Montrose
IRLAM,IRL,Irlam
LRNCKRK,LAU,Laurencekirk
ZZTYALS,ZZT,Alston
BOLTON,BON,Bolton
PLUMLEY,PLM,Plumley
RISHTON,RIS,Rishton
ENTWISL,ENT,Entwistle
HITW,HID,Hall i' th' Wood
BRMCRSS,BMC,Bromley Cross
WHALLEY,WHE,Whalley
CLPM,CPY,Clapham (N Yorks)
MSGT,MSS,Moses Gate
OLDFLDP,OLF,Oldfield Park
SBCH,SDB,Sandbach
WALKDEN,WKD,Walkden
CLITHRO,CLH,Clitheroe
CHOS,CTW,Church & Oswaldtwistle
FRNW,FNW,Farnworth
FLIXTON,FLI,Flixton
SHIFNAL,SFN,Shifnal
KEARSLY,KSL,Kearsley
BATHSPA,BTH,Bath Spa
DURSLEY,CDU,Cam & Dursley
KNUTSFD,KNF,Knutsford
CLWALL,CWL,Colwall
CHASNRD,CSR,Chassen Road
ACRNGTN,ACR,Accrington
KSTP,KSW,Kirkby Stephen
PTRCRFT,PAT,Patricroft
DENT,DNT,Dent
RIBLHED,RHD,Ribblehead
URMSTON,URM,Urmston
HCHP,HCH,Holmes Chapel
MRSD,MSD,Moorside
HALE,HAL,Hale
ALTRNHM,ALT,Altrincham
HUNCOAT,HCT,Huncoat
NAVGTNR,NVR,Navigation Road
ASHLEY,ASY,Ashley
INVURIE,INR,Inverurie
SWNT,SNN,Swinton (Manchester)
MOBERLY,MOB,Mobberley
ECCLES,ECC,Eccles
BRDNML,BLL,Bardon Mill
MORETON,MTN,Moreton (Dorset)
MLVRNLK,MVL,Malvern Link
GOOSTRY,GTR,Goostrey
GTMLVRN,GMV,Great Malvern
HMPHRYP,HUP,Humphrey Park
FROME,FRO,Frome
GARSDLE,GSD,Garsdale
FRESHFD,FFD,Freshford
HAPTON,HPN,Hapton
CLTN,CLI,Clifton (Manchester)
TRFDPK,TRA,Trafford Park
COSFORD,COS,Cosford
ALSAGER,ASG,Alsager
GGLSWCK,GIG,Giggleswick
HTNRIBL,HIR,Horton-in-Ribblesdale
AVNCLFF,AVF,Avoncliff
MNCRUFG,MUF,Manchester United FC
STNHSE,SHU,Stonehouse
GLHM,GIL,Gillingham (Dorset)
CHELFD,CEL,Chelford
ROSG,RSG,Rose Grove
SETTLE,SET,Settle
SLFDCT,SLD,Salford Crescent
ALBRGHT,ALB,Albrighton
MNCRIAP,MIA,Manchester Airport
BRDFDOA,BOA,Bradford-on-Avon
BURNLYB,BUB,Burnley Barracks
SLFDORD,SFD,Salford Central
LPRESTN,LPR,Long Preston
MNCRDGT,DGT,Deansgate
GLOSTER,GCR,Gloucester
BURNMR,BYM,Burnley Manchester Road
KIDSGRV,KDG,Kidsgrove
KDRMNST,KID,Kidderminster
BURNLYC,BNC,Burnley Central
MNCRVIC,MCV,Manchester Victoria
MNCROXR,MCO,Manchester Oxford Road
STYAL,SYA,Styal
HYDB,HDB,Haydon Bridge
ALDEDGE,ALD,Alderley Edge
HLDG,HDG,Heald Green
WOOL,WOO,Wool
BRIERFL,BRF,Brierfield
GATLEY,GTY,Gatley
MNCRPIC,MAN,Manchester Piccadilly
STRUD,STD,Stroud (Glos)
WORCSFS,WOF,Worcester Foregate Street
WLMSL,WML,Wilmslow
HBRY,HBY,Hartlebury
TRWBRDG,TRO,Trowbridge
HELIFLD,HLD,Hellifield
EDIDBRY,EDY,East Didsbury
DILTONM,DMH,Dilton Marsh
LNGP,LPT,Longport
BAGE,BNA,Burnage
WORCSSH,WOS,Worcester Shrub Hill
HNDFRTH,HTH,Handforth
ARDWICK,ADK,Ardwick
NLSN,NEL,Nelson
MLDTHRD,MAU,Mauldeth Road
WSTBRYW,WSB,Westbury (Wilts)
SHVN,STN,Stonehaven
CODSALL,CSL,Codsall
ASHBRYS,ABY,Ashburys
CONGLTN,CNG,Congleton
NTNB,NTB,Norton Bridge
LVHM,LVM,Levenshulme
BILBROK,BBK,Bilbrook
CHDH,CHU,Cheadle Hulme
WRMNSTR,WMN,Warminster
STOKEOT,SOT,Stoke-on-Trent
BLAKEDN,BKD,Blakedown
BLLVUE,BLV,Belle Vue
COLNE,CNE,Colne
HTCP,HTC,Heaton Chapel
CSTL,CAS,Castleton (Manchester)
DYCE,DYC,Dyce
RYDRBRW,RRB,Ryder Brow
WEDGWD,WED,Wedgwood
MLSHILL,MIH,Mills Hill (Manchester)
MSTN,MSO,Moston
BARLSTN,BRT,Barlaston
GORTON,GTO,Gorton
WORCPWY,WOP,Worcestershire Parkway
BMHL,BML,Bramhall
STKP,SPT,Stockport
DRTWCHS,DTW,Droitwich Spa
REDISHS,RDS,Reddish South
STONE,SNE,Stone
REDISHN,RDN,Reddish North
DAVNPRT,DVN,Davenport
RCHDALE,RCD,Rochdale
MELKSHM,MKM,Melksham
HAGLEY,HAG,Hagley
PSBY,PRB,Prestbury
FRFD,FRF,Fairfield
STRBDGT,SBT,Stourbridge Town
WMOR,WSR,Woodsmoor
LNTN,LGN,Longton
STRBDG1,SBJ,Stourbridge Junction (Town Platform)
STRBDGJ,SBJ,Stourbridge Junction
BRNGTN,BNT,Brinnington
POYNTON,PYT,Poynton
ADLC,ADC,Adlington (Cheshire)
DNTON,DTN,Denton
STAFFRD,STA,Stafford
WARHAM,WRM,Wareham
MACLSFD,MAC,Macclesfield
HAZL,HAZ,Hazel Grove
WVRMPTN,WVH,Wolverhampton
PNKRDG,PKG,Penkridge
CHIPNHM,CPM,Chippenham
LYEE,LYE,Lye (West Midlands)
PLTH,PLN,Portlethen
GIDB,GUI,Guide Bridge
SMBG,SMB,Smithy Bridge
ASHCHRC,ASC,Ashchurch for Tewkesbury
BREDBRY,BDY,Bredbury
GRGRAVE,GGV,Gargrave
WDEN,WDN,Walsden
CHLTNHM,CNM,Cheltenham Spa
TODMRDN,TOD,Todmorden
ASHONUL,AHN,Ashton-under-Lyne
LITLBRO,LTL,Littleborough
WOODLEY,WLY,Woodley
CRADLYH,CRA,Cradley Heath
HEXHAM,HEX,Hexham
ABRDEEN,ABD,Aberdeen
ROMILEY,RML,Romiley
COSELEY,CSY,Coseley
HYDEN,HYT,Hyde North
HYDEC,HYC,Hyde Central
MDWD,MDL,Middlewood
TISBURY,TIS,Tisbury
HOLTONH,HOL,Holton Heath
FLWRYFD,FLF,Flowery Field
ROHL,RSH,Rose Hill Marple
PERSHOR,PSH,Pershore
BLYBDGE,BYB,Blythe Bridge
NWTH,NWN,Newton for Hyde
TIPTON,TIP,Tipton
SBYD,SYB,Stalybridge
OLHL,OHL,Old Hill
MARPLE,MPL,Marple
GODLY,GDL,Godley
DUDLPT,DDP,Dudley Port
BRMSGRV,BMV,Bromsgrove
DISLEY,DSL,Disley
MOSSLEY,MSL,Mossley (Manchester)
HATRSLY,HTY,Hattersley
STRINES,SRN,Strines
ROWLEYR,ROW,Rowley Regis
SKPT,SKI,Skipton
KEMBLE,KEM,Kemble
CNCK,CAO,Cannock
LNDYW,LAW,Landywood
HMWTHY,HAM,Hamworthy
BLOXN,BWN,Bloxwich North
CRBG,CRB,Corbridge
BRBM,BDB,Broadbottom
GFLD,GNF,Greenfield
CONONLY,CEY,Cononley
SNDWDUD,SAD,Sandwell & Dudley
BLOXWCH,BLX,Bloxwich
BRWCKUT,BWK,Berwick-upon-Tweed
HBDNBDG,HBD,Hebden Bridge
NWMILSN,NMN,New Mills Newtown
NWMILSC,NMC,New Mills Central
LGRN,LGG,Langley Green
SHPE,SNP,Stanhope
HDNS,HNF,Hednesford
BGRN,BTG,Barnt Green
BSCTSTA,BSC,Bescot Stadium
FURNESV,FNV,Furness Vale
WHALYBG,WBR,Whaley Bridge
WALSALL,WSL,Walsall
POOLE,POO,Poole
MYTHLMR,MYT,Mytholmroyd
LONB,LOB,Longbridge
GALTILL,SGB,Smethwick Galton Bridge
GALTINT,SGB,Smethwick Galton Bridge High Level
TAMEBDG,TAB,Tame Bridge Parkway
RIDNGML,RDM,Riding Mill
DNTG,DTG,Dinting
SMTHKRS,SMR,Smethwick Rolfe Street
ALVCHRC,ALV,Alvechurch
FROSTLY,FRR,Frosterley
HADFILD,HDF,Hadfield
NRTF,NFD,Northfield
HNDSHWT,THW,The Hawthorns
GLSP,GLO,Glossop
EVESHAM,EVE,Evesham
STEETON,SON,Steeton & Silsden
PSTONE,PKS,Parkstone (Dorset)
CHNLY,CLY,Chinley
RDIT,RDC,Redditch
RUGLTWN,RGT,Rugeley Town
UNVRSYB,UNI,University
SELYOAK,SLY,Selly Oak
MRSN,MSN,Marsden
KNORTON,KNN,Kings Norton
RUGL,RGL,Rugeley Trent Valley
HAMSTED,HSD,Hamstead (Birmingham)
BOURNVL,BRV,Bournville
STCKSFL,SKS,Stocksfield
CHEF,CEF,Chapel-en-le-Frith
BRANKSM,BSM,Branksome
BUXTON,BUX,Buxton
BHAMJEW,JEQ,Jewellery Quarter
FIVEWYS,FWY,Five Ways
SWRBBDG,SOW,Sowerby Bridge
KEIGHLY,KEI,Keighley
PRYBR,PRY,Perry Barr
BHAMNWS,BHM,Birmingham New Street
BHAMSNH,BSW,Birmingham Snow Hill
BHAMMRS,BMO,Birmingham Moor Street
DVHL,DVH,Dove Holes
WOLSHAM,WLH,Wolsingham
SLTHWTE,SWT,Slaithwaite
WITTON,WTT,Witton (West Midlands)
BRDS,BBS,Bordesley
PRUDHOE,PRU,Prudhoe
ASTON,AST,Aston
DUDESTN,DUD,Duddeston
WYTH,WYT,Wythall
ELWD,EWD,Earlswood (West Midlands)
SMLHTH,SMA,Small Heath
BOMO,BMH,Bournemouth
UTOXETR,UTT,Uttoxeter
HLFX,HFX,Halifax
ADERLYP,ADD,Adderley Park
YRDLYWD,YRD,Yardley Wood
GRAVLYH,GVH,Gravelly Hill
WHLE,WTE,Whitlocks End
CFLATTS,CFL,Crossflatts
HLGN,HLG,Hall Green
BLKST,BKT,Blake Street
SHIRLEY,SRL,Shirley
SHNS,SEN,Shenstone
THELAKS,TLK,The Lakes
WDND,WDE,Wood End
BNGY,BIY,Bingley
ERDNGTN,ERD,Erdington
TYSL,TYS,Tyseley
BTLRSLA,BUL,Butlers Lane
SPRD,SRI,Spring Road
CHSRD,CRD,Chester Road
HONYBRN,HYB,Honeybourne
WYGN,WYL,Wylde Green
FOUROKS,FOK,Four Oaks
ILKLEY,ILK,Ilkley
LCHC,LIC,Lichfield City
SUTCO,SUT,Sutton Coldfield
WYLAM,WYM,Wylam
EDALE,EDL,Edale
DANZEY,DZY,Danzey
ACOCKSG,ACG,Acocks Green
POKSDWN,POK,Pokesdown
STECHFD,SCF,Stechford
LKWD,LCK,Lockwood
BNRHYDN,BEY,Ben Rhydding
OLTON,OLT,Olton
LCHTTVH,LIF,Lichfield Trent Valley High Level
LCHTTVL,LTV,Lichfield Trent Valley
SLSBRY,SAL,Salisbury
BERRYB,BBW,Berry Brow
SAIR,SAE,Saltaire
HDRSFLD,HUD,Huddersfield
SOLIHUL,SOL,Solihull
HONLEY,HOY,Honley
LEAHALL,LEH,Lea Hall
BRHOUSE,BGH,Brighouse
WOTONWN,WWW,Wootton Wawen
HENLYIA,HNL,Henley-in-Arden
SDON,SWI,Swindon
SHPY,SHY,Shipley
CHRISTC,CHR,Christchurch
FRZNGHL,FZH,Frizinghall
BKHLS,BHS,Brockholes
WDNYMNR,WMR,Widney Manor
PEWSEY,PEW,Pewsey
BURLYIW,BUW,Burley-in-Wharfedale
BAILDON,BLD,Baildon
LOWMOOR,LMR,Low Moor
BRADFS,BDQ,Bradford Forster Square
DEIGHTN,DHN,Deighton
BRADIN,BDI,Bradford Interchange
MRSTNGR,MGN,Marston Green
WILMCOT,WMC,Wilmcote
DORIDGE,DDG,Dorridge
BEARLEY,BER,Bearley
MENSTON,MNN,Menston
WTRORTN,WTO,Water Orton
HOPD,HOP,Hope (Derbyshire)
STKSMR,SSM,Stocksmoor
SOAVPWY,STY,Stratford-upon-Avon Parkway
BLAYDON,BLO,Blaydon
AIRP,APN,Newcastle Airport Metro
CHHL,CHT,Chathill
BHAMINT,BHI,Birmingham International
LAPWRTH,LPW,Lapworth
GUISELY,GSY,Guiseley
APERLYB,APY,Apperley Bridge
SOAV,SAV,Stratford-upon-Avon
SPLY,SPY,Shepley
COLESHL,CEH,Coleshill Parkway
HINTONA,HNA,Hinton Admiral
MRPTHRP,MPT,Morpeth
MIRFILD,MIR,Mirfield
HMPTNIA,HIA,Hampton-in-Arden
MINMARS,MIM,Moreton-in-Marsh
BAMFORD,BAM,Bamford
CLAVRDN,CLV,Claverdon
BSAUKLD,BIA,Bishop Auckland
BSAUWEA,BIA,Bishop Auckland (Weardale Railway)
NPUD,NPD,New Pudsey
TMWTHLL,TAM,Tamworth
TMWTHHL,TAH,Tamworth High Level
TUTBURY,TUT,Tutbury & Hatton
GTSHDMC,MCE,Metrocentre
WILNECT,WNE,Wilnecote (Staffs)
ACKLNGT,ACK,Acklington
DNDL,DBD,Denby Dale
HATTON,HTN,Hatton (Warks)
PEGSWD,PEG,Pegswood
RTHP,RVN,Ravensthorpe
DNSN,DOT,Dunston
ALNMOTH,ALM,Alnmouth
HATHRSG,HSG,Hathersage
SHDN,SHD,Shildon
BRMLYSR,BLE,Bramley (West Yorks)
BURTNOT,BUT,Burton-on-Trent
NMILTON,NWM,New Milton
DWBY,DEW,Dewsbury
BKSWELL,BKW,Berkswell
HSFT,HRS,Horsforth
WDRNGTN,WDD,Widdrington
NWCSTLE,NCL,Newcastle
KRKSLFR,KLF,Kirkstall Forge
BATLEY,BTL,Batley
GRNDLFD,GRN,Grindleford
PENISTN,PNS,Penistone
MANORS,MAS,Manors
KINGHAM,KGM,Kingham
DEAN,DEN,Dean
CRMLNGT,CRM,Cramlington
PWTH,PSW,Polesworth
WARWPWY,WRP,Warwick Parkway
NWTA,NAY,Newton Aycliffe
GRATELY,GRT,Grateley
HEDNGLY,HDY,Headingley
DRHM,DHM,Durham
MRLY,MLY,Morley
HGHNGTN,HEI,Heighington
CLST,CLS,Chester-le-Street
COTNGLY,COT,Cottingley
TILEH,THL,Tile Hill
SWAY,SWY,Sway
WEETON,WET,Weeton
BRLEYPK,BUY,Burley Park
BEDYN,BDW,Bedwyn
SPTN,SIP,Shipton
HEWORTH,HEW,Heworth
WARWICK,WRW,Warwick
NTRD,NRD,North Road
SKSCMN,SLK,Silkstone Common
KENLSTN,KNW,Kenilworth
DLTN,DAR,Darlington
WLNTNON,WIL,Willington
MATLOCK,MAT,Matlock
MATLCKB,MTB,Matlock Bath
LEEDS,LDS,Leeds
ASCTUWD,AUW,Ascott-under-Wychwood
BKNHRST,BCU,Brockenhurst
CROMFD,CMF,Cromford
ATHRSTN,ATH,Atherstone
HAGT,HGT,Harrogate
PANNAL,PNL,Pannal
CANLEY,CNL,Canley
DRTN,DRT,Darton
DODWRTH,DOD,Dodworth
HRNBPK,HBP,Hornbeam Park
LMNGTNS,LMS,Leamington Spa
MOTFONT,DBG,Mottisfont & Dunbridge
DORE,DOR,Dore & Totley
OUTWOOD,OUT,Outwood
WKFLDWG,WKF,Wakefield Westgate
LMTNTWN,LYT,Lymington Town
STARBCK,SBE,Starbeck
COVNTRY,COV,Coventry
LMTNPIR,LYP,Lymington Pier
WATSTND,WTS,Whatstandwell
LYNDHRD,ANF,Ashurst New Forest
WKFLDKG,WKK,Wakfld K.
HUNGRFD,HGD,Hungerford
SABR,SNA,Sandal & Agbrigg
COVAREN,CAA,Coventry Arena
BRWHINS,BNR,Brockley Whins
DINSDAL,DND,Dinsdale
DUFIELD,DFI,Duffield
BNSLY,BNY,Barnsley
KNRSBGH,KNA,Knaresborough
BELPER,BLP,Belper
AMBERGT,AMB,Ambergate
BLIEURD,BEU,Beaulieu Road
CHBURY,CBY,Charlbury
DRONFLD,DRO,Dronfield
CHPLTWN,CLN,Chapeltown
PEARTRE,PEA,Peartree
ANDOVER,ADV,Andover
ROMSEY,ROM,Romsey
SHEFFLD,SHF,Sheffield
BERMPRK,BEP,Bermuda Park
DRBY,DBY,Derby
CSGT,CRG,Cross Gates
BEDWRTH,BEH,Bedworth
NLRTN,NTR,Northallerton
NNTN,NUN,Nuneaton
TOTTON,TTN,Totton
FINSTCK,FIN,Finstock
WDLESFD,WDS,Woodlesford
EBOLDON,EBL,East Boldon
TSDARPR,TEA,Tees-side Airport
REDBDGE,RDB,Redbridge (Hants)
ELSC,ELR,Elsecar
NORMNTN,NOR,Normanton
KNTBRY,KIT,Kintbury
CHFD,CHD,Chesterfield
WOMBWEL,WOM,Wombwell
MEADWHL,MHS,Meadowhall
DARNALL,DAN,Darnall
SEABURN,SEB,Seaburn
SNDRMNK,STZ,St Peters
SPDN,SPO,Spondon
SNDRLND,SUN,Sunderland
STHS,SHC,Streethouse
MBRK,MBK,Millbrook (Hants)
GARFRTH,GRF,Garforth
THIRSK,THI,Thirsk
SOTON,SOU,Southampton Central
ALLENSW,ALW,Allens West
FITZWLM,FZW,Fitzwilliam
EGRFRTH,EGF,East Garforth
COMBE,CME,Combe (Oxon)
SOTNTQ,STQ,Southampton Town Quay
SEAHAM,SEA,Seaham
YAAM,YRM,Yarm
EGLSCLF,EAG,Eaglescliffe
ALFRETN,ALF,Alfreton
FTHRSTN,FEA,Featherstone
ROTHCEN,RMC,Rotherham Central
CASTLFD,CFD,Castlefor
HINCKLY,HNK,Hinckley
WDHOUSE,WDH,Woodhouse
STDENYS,SDN,St Denys
CSFD,CFR,Chandlers Ford
HANDBRO,HND,Hanborough
GLASHTN,GLH,Glasshoughton
BITERNE,BTE,Bitterne
WOLSTON,WLS,Woolston
SWYTHLN,SWG,Swaythling
STOCTON,STK,Stockton
MCKLFLD,MIK,Micklefield
CATTAL,CTL,Cattal
SHOLING,SHO,Sholing
SOTPKWY,SOA,Southampton Airport Parkway
LGML,LGM,Langley Mill
PTFTTSF,POT,Pontefract Tanshelf
TABY,TBY,Thornaby
GLDTHRP,GOE,Goldthorpe
ELGH,ESL,Eastleigh
BLTNODR,BTD,Bolton-Upon-Dearne
TRNO,THC,Thurnscoe
PTFTMHL,PFM,Pontefract Monkhill
MORTHRP,MRP,Moorthorpe
PTFTBHL,PFR,Pontefract Baghill
BNBR,BAN,Banbury
SWINTN,SWN,Swinton (South Yorks)
WHTCHRH,WCH,Whitchurch (Hants)
NETLEY,NTL,Netley
BLNGHM,BIL,Billingham
HAMERTN,HMM,Hammerton
NEWBURY,NBY,Newbury
SHAWFD,SHW,Shawford
HMBLE,HME,Hamble
MEXBRGH,MEX,Mexborough
SELMSAL,SES,South Elmsall
ILKES,ILN,Ilkeston
WNCHSTR,WIN,Winchester
LNGEATN,LGE,Long Eaton
NEWBRYR,NRC,Newbury Racecourse
HEYFORD,HYD,Heyford
TACKLEY,TAC,Tackley
KVTNBDG,KIV,Kiveton Bridge
BURSLDN,BUO,Bursledon
KNTNGLY,KNO,Knottingley
KINSSTN,KGS,Kings Sutton
SMILFD,SOM,South Milford
MDLSBRO,MBR,Middlsbro
HEDGEND,HDE,Hedge End
EMPKWAY,EMD,East Midlands Parkway
KRKYCEN,KKB,Kirkby in Ashfield
OXFPWAY,OPY,Oxford Parkway
OXFD,OXF,Oxford
STTNPWY,SPK,Sutton Parkway
SHBN,SIE,Sherburn-in-Elmet
KVTNPK,KVP,Kiveton Park
CONBRGH,CNS,Conisbrough
CHFN,CHF,Church Fenton
RUGBY,RUG,Rugby
HRTLEPL,HPL,Hartlepool
JAMCOK,JCH,James Cook University Hospital
SETNCRW,SEC,Seaton Carew
SWNWICK,SNW,Swanwick
MCHLDVR,MIC,Micheldever
ATNBRO,ATB,Attenborough
OVTN,OVR,Overton
ULESKLF,ULL,Ulleskelf
MARTON,MTO,Marton
BOTLEY,BOE,Botley
NWSTEAD,NSD,Newstead
CRWLL,CWD,Creswell (Derbys)
DIDCOTP,DID,Didcot Parkway
APPLEFD,APF,Appleford
ISLIP,ISP,Islip
RDLEY,RAD,Radley
THATCHM,THA,Thatcham
LGWITH,LAG,Langwith - Whaley Thorns
CULHAM,CUM,Culham
GYPSYLA,GYP,Gypsy Lane
STHBANK,SBK,South Bank
BESTON,BEE,Beeston
SHRBROK,SHB,Shirebrook
WHWLL,WWL,Whitwell (Derbys)
MFLDWSE,MSW,Mansfield Woodhouse
MFLDTWN,MFT,Mansfield
NUNTHRP,NNT,Nunthorpe
HUCKNAL,HKN,Hucknall
BULWELL,BLW,Bulwell
NARBRO,NBR,Narborough
LOGHBRO,LBO,Loughborough (Leics)
ADWICK,AWK,Adwick
SHRKSKS,SRO,Shireoaks
WHTBDGE,WBD,Whitley Bridge
POPLTON,POP,Poppleton
BTLYSY,BYK,Bentley (S Yorks)
FAREHAM,FRM,Fareham
DONC,DON,Doncaster
MIDGHAM,MDG,Midgham
GTAYTON,GTA,Great Ayton
REDCBSC,RBS,British Steel Redcar
NTNG,NOT,Nottingham
BAROWOS,BWS,Barrow upon Soar
SHANKLN,SHN,Shanklin
CHOLSEY,CHO,Cholsey
WORKSOP,WRK,Worksop
BCSTN,BCS,Bicester North
HENSALL,HEL,Hensall
BCSTRTN,BIT,Bicester Village
WGSTS,SWS,South Wigston
BTRSBY,BTT,Battersby
LAKEIOW,LKE,Lake (Isle of Wight)
LESTER,LEI,Leicester
SNDOWN,SAN,Sandown
RYDP,RYP,Ryde Pier Head
RYDE,RYD,Ryde Esplanade
YORK,YRK,York
RYDS,RYR,Ryde St Johns Road
SMALBRK,SAB,Smallbrook Junction
ALDMSTN,AMT,Aldermaston
REDCARC,RCC,Redcar Central
SILEBY,SIL,Sileby
GORASTR,GOR,Goring & Streatley
KLDL,KLD,Kildale
BRDING,BDN,Brading
REDCARE,RCE,Redcar East
KKSNDAL,KKS,Kirk Sandall
PCHESTR,PTC,Portchester
SELBY,SBY,Selby
NTHRFLD,NET,Netherfield
CRTN,CTO,Carlton
SYSTON,SYS,Syston
LNGBKBY,LBK,Long Buckby
LONGBCK,LGK,Longbeck
PHBR,PMH,Portsmouth Harbour
PANGBRN,PAN,Pangbourne
MRSK,MSK,Marske
SSEACLE,SHV,Southsea Hoverport
BSNGSTK,BSK,Basingstoke
PSEA,PMS,Portsmouth & Southsea
SNAITH,SNI,Snaith
THEALE,THE,Theale
BRTJYC,BUJ,Burton Joyce
HTFLASF,HFS,Hatfield & Stainforth
RADNOT,RDF,Radcliffe (Notts)
FRATTON,FTN,Fratton
BMLY,BMY,Bramley (Hants)
COSHAM,CSA,Cosham
HILSEA,HLS,Hilsea
SBRN,SLB,Saltburn
COMONDL,COM,Commondale
MTIMER,MOR,Mortimer
LOWDHAM,LOW,Lowdham
TILHRST,TLH,Tilehurst
THORNEN,TNN,Thorne North
CTNM,CSM,Castleton Moor
RAWCLIF,RWC,Rawcliffe
THORNES,TNS,Thorne South
THRGRTN,THU,Thurgarton
RTFD,RET,Retford
REDGWST,RDW,Reading West
RTFDLL,REL,Retford Low Level
BINGHAM,BIN,Bingham
DANBY,DNY,Danby
BDHMPTN,BDH,Bedhampton
BLEASBY,BSB,Bleasby
WRESSLE,WRS,Wressle
RDNGSTN,RDG,Reading
HAVANT,HAV,Havant
ALTON,AON,Alton
HOOK,HOK,Hook
WRBLNGT,WBL,Warblington
FISKRTN,FSK,Fiskerton
HADMATP,HDM,Haddenham & Thame Parkway
RWLNDSC,RLN,Rowlands Castle
ROLSTN,ROL,Rolleston
ASLCKTN,ALK,Aslockton
MRKTHRB,MHR,Market Harborough
PTRSFLD,PTR,Petersfield
GOOLE,GOO,Goole
NMPTN,NMP,Northampton
EMSWTH,EMS,Emsworth
HOWDEN,HOW,Howden
MLTNSDG,MMO,Melton Mowbray
ERLY,EAR,Earley
LEALHLM,LHM,Lealholm
WNCFILD,WNF,Winchfield
HNLYOT,HOT,Henley-on-Thames
SBOURNE,SOB,Southbourne
ELTON,ELO,Elton & Orston
WINETGL,WTI,Winnersh Triangle
SHPLAKE,SHI,Shiplake
LISS,LIS,Liss
WARGRAV,WGV,Wargrave
WINERSH,WNS,Winnersh
GLAISDL,GLS,Glaisdale
CROWLE,CWE,Crowle
AYLSPWY,AVP,Aylesbury Vale Parkway
SLTMRSH,SAM,Saltmarshe
MALTON,MLT,Malton
NUTBORN,NUT,Nutbourne
TWYFORD,TWY,Twyford
BNTEY,BTY,Bentley (Hants)
NWRKCAS,NCT,Newark Castle
PRINRIS,PRR,Princes Risborough
ESTRNGT,EGN,Eastrington
EGTON,EGT,Egton
NEWANG,NNG,Newark NG
WOKNGHM,WKM,Wokingham
MNKRISB,MRS,Monks Risborough
BOTESFD,BTF,Bottesford
BOSHAM,BOH,Bosham
SUNDRTN,SDR,Saunderton
FLEET,FLE,Fleet
AYLSBRY,AYS,Aylesbury
GBROC,GNB,Gainsborough Central
GBGHLRD,GBL,Gainsborough Lea Road
WLVR,WOL,Wolverton
CRWTHRN,CRN,Crowthorne
LTLKMBL,LTK,Little Kimble
GROSMNT,GMT,Grosmont
SNDHRST,SND,Sandhurst
FSHBORN,FSB,Fishbourne
CLHM,CLM,Collingham
GLBRDYK,GBD,Gilberdyke
ALTPE,ALP,Althorpe
STKM,SKM,Stoke Mandeville
LIPHOOK,LIP,Liphook
MKNSCEN,MKC,Milton Keynes Central
FARNHAM,FNH,Farnham
BCKWATR,BAW,Blackwater
MARLOW,MLW,Marlow
OAKHAM,OKM,Oakham
CHCHSTR,CCH,Chichester
KETR,KET,Kettering
WENDOVR,WND,Wendover
ALDRSHT,AHT,Aldershot
SLEGHTS,SLH,Sleights
SWNDRBY,SWD,Swinderby
FRBRMN,FNB,Farnborough (Main)
BLTCHLY,BLY,Bletchley
BRACKNL,BCE,Bracknell
HWYCOMB,HWY,High Wycombe
FRIMLEY,FML,Frimley
CMBLEY,CAM,Camberley
BRFT,BMF,Broomfleet
FRBRNTH,FNN,Farnborough North
FSTR,FEN,Fenny Stratford
FURZEP,FZP,Furze Platt
NTHCAMP,NCM,North Camp
COOKHAM,COO,Cookham
MDNHEAD,MAI,Maidenhead
MHERON,MAO,Martins Heron
RUSWARP,RUS,Ruswarp
CORBY,COR,Corby
SAXILBY,SXY,Saxilby
ASHVALE,AHV,Ash Vale
GTMSNDN,GMN,Great Missenden
SCNTHRP,SCU,Scunthorpe
BORNEND,BNE,Bourne End
BOWBRKH,BWB,Bow Brickhill
WTBY,WTB,Whitby
HASLEMR,HSL,Haslemere
ASHH,ASH,Ash
WLNGBRO,WEL,Wellingborough
LTNBZRD,LBZ,Leighton Buzzard
BAGSHOT,BAG,Bagshot
GTHM,GRA,Grantham
TAPLOW,TAP,Taplow
ASCOT,ACT,Ascot
CHDNGTN,CED,Cheddington
WOBURNS,WOB,Woburn Sands
WANBRO,WAN,Wanborough
KRTNLND,KTL,Kirton Lindsey
BOGNORR,BOG,Bognor Regis
HYKEHAM,HKM,Hykeham
BROUGH,BUH,Brough
ASPLEYG,APG,Aspley Guise
BCNSFLD,BCF,Beaconsfield
BNHAM,BNM,Burnham (Berks)
WITLEY,WTY,Witley
TRING,TRI,Tring
BRKWOOD,BKO,Brookwood
SUNNGDL,SNG,Sunningdale
MLFORD,MLF,Milford (Surrey)
BRHM,BAA,Barnham
AMERSHM,AMR,Amersham
SEERGRN,SRG,Seer Green
RIDGMNT,RID,Ridgmont
WINDSEC,WNC,Windsor & Eton Central
GDLMING,GOD,Godalming
WSORAER,WNR,Windsor & Eton Riverside
LINCLNC,LCN,Lincoln
FRNCMB,FNC,Farncombe
SLOUGH,SLO,Slough
LNGCROS,LNG,Longcross
ANCASTR,ANC,Ancaster
FERRIBY,FRY,Ferriby
DATCHET,DAT,Datchet
LDLNGTN,LID,Lidlington
WRPLSDN,WPL,Worplesdon
GUILDFD,GLD,Guildford
BERKHMD,BKM,Berkhamsted
CHLFNAL,CFO,Chalfont & Latimer
VRGNWTR,VIR,Virginia Water
SUNYMDS,SNY,Sunnymeads
GERRDSX,GER,Gerrards Cross
SHALFD,SFR,Shalford (Surrey)
FORD,FOD,Ford
LRDGFD,LRD,London Road (Guildford)
BRGG,BGG,Brigg
WOKING,WOK,Woking
MLBRKB,MLB,Millbrook (Beds)
EGHAM,EGH,Egham
LANGLEY,LNY,Langley (Berks)
WRYSBRY,WRY,Wraysbury
STWRTBY,SWR,Stewartby
ARUNDEL,ARU,Arundel
LTLHMPT,LIT,Littlehampton
KMPSTNH,KMH,Kempston Hardwick
CHRW,CLW,Chorleywood
AMLY,AMY,Amberley
DRIFILD,DRF,Driffield
DENHMGC,DGC,Denham Golf Club
HTNCRNS,HUT,Hutton Cranswick
BRTHMBR,BAU,Barton-on-Humber
HESSLE,HES,Hessle
STAMFD,SMD,Stamford
CHLWTH,CHL,Chilworth
SEAMER,SEM,Seamer
FLITWCK,FLT,Flitwick
HRLG,HLN,Harlington (Beds)
ARRAM,ARR,Arram
RAUCEBY,RAU,Rauceby
IVER,IVR,Iver
CHTSEY,CHY,Chertsey
BEVERLY,BEV,Beverley
SCARBRO,SCA,Scarborough
STAINES,SNS,Staines
BEDFDM,BDM,Bedford
WBYFLET,WBY,West Byfleet
DENHAM,DNM,Denham
PULBRO,PUL,Pulborough
HEMLHMP,HML,Hemel Hempstead
CLANDON,CLA,Clandon
HTRWTM5,HWV,Heathrow Terminal 5
BESJOHN,BSJ,Bedford St Johns
HTRBUS5,HWX,Heathrow Airport Terminal 5
CTTGHM,CGM,Cottingham
BNTBY,BTB,Barnetby
ADLESTN,ASN,Addlestone
RCKMNSW,RIC,Rickmansworth
BYFLANH,BFN,Byfleet & New Haw
NAFERTN,NFN,Nafferton
WDRYTON,WDT,West Drayton
LEAGRVE,LEA,Leagrave
BARWHVN,BAV,Barrow Haven
APSLEY,APS,Apsley
ANGMRNG,ANG,Angmering
ASFDMSX,AFS,Ashford (Surrey)
SLEFD,SLR,Sleaford
HTRWAPT,LHR,Heathrow Terminals 1-3
WEYBDGB,WYB,Weybridge
HTRWCBS,HTR,Heathrow Airport Central Bus Stn (Rail-Air)
MTHRNGH,MGM,Metheringham
HTRWTE4,HWF,Heathrow Terminal 4 (Rail-Air)
KLGL,KGL,Kings Langley
HTRWTM4,HAF,Heathrow Terminal 4
SHEPRTN,SHP,Shepperton
NHOL,NHL,New Holland
WRUISLP,WRU,West Ruislip
RSKNGTN,RKT,Ruskington
BILSHST,BIG,Billingshurst
GOMSHAL,GOM,Gomshall
HULL,HUL,Hull
UHALIFD,UPH,Upper Halliford
HRSLEY,HSY,Horsley
LUTON,LUT,Luton
HAYESAH,HAY,Hayes & Harlington
GOXHILL,GOX,Goxhill
HUNMNBY,HUB,Hunmanby
SUNBURY,SUU,Sunbury
EFNGHMJ,EFF,Effingham Junction
WONT,WAL,Walton-on-Thames
GORNGBS,GBS,Goring-by-Sea
LUTOAPY,LTN,Luton Airport Parkway
FELTHAM,FEL,Feltham
KMPTNPK,KMP,Kempton Park
MKTR,MKR,Market Rasen
THABBEY,TNA,Thornton Abbey
WATFDJ,WFJ,Watford Junction
SRUISLP,SRU,South Ruislip
WATFDHS,WFH,Watford High Street
FILEY,FIL,Filey
WATFDN,WFN,Watford North
CRPNDPK,CPK,Carpenders Park
BUSHEY,BSH,Bushey
GRSTH,GSN,Garston (Herts)
DRNGTOS,DUR,Durrington-on-Sea
HERSHAM,HER,Hersham
CBHMSDA,CSD,Cobham & Stoke d'Abernon
ULCEBY,ULC,Ulceby
STHALL,STL,Southall
BOOKHAM,BKA,Bookham
HTCHEND,HTE,Hatch End
HAMPTON,HMP,Hampton (London)
WWRTHNG,WWO,West Worthing
BCWD,BWO,Bricket Wood
HRPNDN,HPD,Harpenden
NTHOLTP,NLT,Northolt Park
HEDSTNL,HDL,Headstone Lane
HOUNSLW,HOU,Hounslow
OXSHOTT,OXS,Oxshott
WHTTON,WTN,Whitton
HOWWOOD,HWW,How Wood (Herts)
WORTHNG,WRH,Worthing
STALBNA,SAA,St Albans Abbey
HABRO,HAB,Habrough
HCKNGTN,HEC,Heckington
ESHER,ESH,Esher
PKST,PKT,Park Street
CHRSTSH,CHH,Christs Hospital
GFORD,GFD,Greenford
FULWELL,FLW,Fulwell
CLYGATE,CLG,Claygate
HAROOTH,HOH,Harrow-on-the-Hill
HCRT,HMC,Hampton Court
HANWELL,HAN,Hanwell
HROW,HRW,Harrow & Wealdstone
HROWDC,HRW,Harrow & Wealdstone
SDBRYHH,SDH,Sudbury Hill Harrow
SGFORD,SGN,South Greenford
STRWBYH,STW,Strawberry Hill
STALBCY,SAC,St Albans City
HNCHLYW,HYW,Hinchley Wood
ISLEWTH,ISL,Isleworth
TDITTON,THD,Thames Ditton
CBARPAR,CBP,Castle Bar Park
DRAYGRN,DRG,Drayton Green
EWRTHNG,EWR,East Worthing
DRKGW,DKT,Dorking West
TEDNGTN,TED,Teddington
TWCKNHM,TWI,Twickenham
LETHRHD,LHD,Leatherhead
SYONLA,SYL,Syon Lane
RADLETT,RDT,Radlett
OCKLYAC,OLY,Ockley
WEALING,WEA,West Ealing
KTON,KNT,Kenton
BOXHAWH,BXW,Box Hill & Westhumble
STMGTS,SMG,St Margarets (London)
SDBRYHR,SUD,Sudbury & Harrow Road
DEPDENE,DPD,Dorking Deepdene
DORKING,DKG,Dorking
WARNHAM,WNH,Warnham
SKENTON,SOK,South Kenton
HAMWICK,HMW,Hampton Wick
BNTFORD,BFD,Brentford
HLMW,HLM,Holmwood
NWEMBLY,NWB,North Wembley
SNDY,SDY,Sandy
HORSHAM,HRH,Horsham
CHSSS,CSS,Chessington South
BRDLNGT,BDT,Bridlington
EALINGB,EAL,Ealing Broadway
ASHD,AHD,Ashtead
RICHMND,RMD,Richmond (London)
RICHNLL,RMD,Richmond NLL
SURBITN,SUR,Surbiton
LNCG,LAC,Lancing
WMBY,WMB,Wembley Central
WMBYDC,WMB,Wembley Central
KGSTON,KNG,Kingston
CHSSN,CSN,Chessington North
LHVN,LVN,Littlehaven
PBRO,PBO,Peterboro
WEMBLSM,WCX,Wembley Stadium
BEMPTON,BEM,Bempton
KEWBDGE,KWB,Kew Bridge
NSHEEN,NSH,North Sheen
ARLSEY,ARL,Arlesey
ELTR,ELS,Elstree & Borehamwood
KEWGRDN,KWG,Kew Gardens
BIGLSWD,BIW,Biggleswade
HITCHIN,HIT,Hitchin
NRBITON,NBT,Norbiton
STNBGPK,SBP,Stonebridge Park
BRLANDS,BRS,Berrylands
STNEOTS,SNO,St Neots
GNRSBRY,GUN,Gunnersbury
TOLWTH,TOL,Tolworth
SACTON,SAT,South Acton
SBROUGH,SLL,Stallingborough
ACTONML,AML,Acton Main Line
CHISWCK,CHK,Chiswick
MRTLKE,MTL,Mortlake
ACTNCTL,ACC,Acton Central
EPSM,EPS,Epsom
HARLSDN,HDN,Harlesden
BTCHWTH,BTO,Betchworth
MALDENM,MAL,Malden Manor
MLHB,MIL,Mill Hill Broadway
NEWMLDN,NEM,New Malden
BNSBDGE,BNI,Barnes Bridge
EWELW,EWW,Ewell West
LTCE,LET,Letchworth
FAYGATE,FGT,Faygate
SHRHMBS,SSE,Shoreham-by-Sea (Sussex)
SWSHEAD,SWE,Swineshead
WLSDJHL,WIJ,Willesden Junction
HEALING,HLI,Healing
WLSDNJL,WIJ,Willesden Junction Low Level
STLEIGH,SNL,Stoneleigh
HDON,HEN,Hendon
BARNES,BNS,Barnes
WRCSTRP,WCP,Worcester Park
EWELLE,EWE,Ewell East
MOTSPRP,MOT,Motspur Park
TATNHMC,TAT,Tattenham Corner
EPSDNS,EPD,Epsom Downs
TADWTH,TAD,Tadworth
RAYNSPK,RAY,Raynes Park
KENSLG,KNL,Kensal Green
HATFILD,HAT,Hatfield (Herts)
HNTNGDN,HUN,Huntingdon
STEVNGE,SVG,Stevenage
KENR,KNR,Kensal Rise
WELHAMG,WMG,Welham Green
SHPDSB,SPB,Shepherds Bush
GTCOATS,GCT,Great Coates
WLWYNGC,WGC,Welwyn Garden City
CRKLWD,CRI,Cricklewood
PUTNEY,PUT,Putney
BRKMNPK,BPK,Brookmans Park
BRBYPK,BSP,Brondesbury Park
WIMLCHS,WBO,Wimbledon Chase
STHWICK,SWK,Southwick
KENOLYM,KPA,Kensington (Olympia)
SPALDNG,SPA,Spalding
CHEAM,CHE,Cheam
BALDOCK,BDK,Baldock
BANSTED,BAD,Banstead
QPRK,QPW,Queens Park (London)
WLWYNN,WLW,Welwyn North
BRBY,BSY,Brondesbury
WIMBLDN,WIM,Wimbledon
WDON,WIM,Wimbledon
KGWD,KND,Kingswood
KNEBWTH,KBW,Knebworth
SMERTON,SMO,South Merton
POTRSBR,PBR,Potters Bar
WSUTTON,WSU,West Sutton
IFIELD,IFI,Ifield
MORDENS,MDS,Morden South
WBRMPTN,WBP,West Brompton
SHLIER,SIH,St Helier (London)
WHMPSTM,WHP,West Hampstead Thameslink
KLBRNHR,KBN,Kilburn High Road
REIGATE,REI,Reigate
FSHRSGT,FSG,Fishersgate
WHMDSTD,WHD,West Hampstead
BELM,BLM,Belmont
SUTTONC,SUC,Sutton Common
WDWTOWN,WNT,Wandsworth Town
HYDNSRD,HYR,Haydons Road
SUTTON,SUO,Sutton (London)
ERLFLD,EAD,Earlsfield
FNCHLYR,FNY,Finchley Road & Frognal
HADLYWD,HDW,Hadley Wood
CSEAH,IMW,Imperial Wharf
SHMPSTD,SOH,South Hampstead
PSLDAWH,PLD,Portslade
NBARNET,NBA,New Barnet
PADTON,PAD,London Paddington
GRMSBYT,GMB,Grimsby Town
HBRTBDG,HBB,Hubberts Bridge
OKLGHPK,OKL,Oakleigh Park
CRAWLEY,CRW,Crawley
CLPHMJ2,CLJ,Clapham Junction
CLPHMJC,CLJ,Clapham Junction
CLPHMJM,CLJ,Clapham Junction
CLPHMJW,CLJ,Clapham Junction
CLPHMJ1,CLJ,Clapham Junction
HMPSTDH,HDH,Hampstead Heath
GRMSBYD,GMD,Grimsby Docks
CRSHLTB,CSB,Carshalton Beeches
MARYLBN,MYB,London Marylebone
WHTLSEA,WLE,Whittlesea
CHSD,CHP,Chipstead
WANDCMN,WSW,Wandsworth Common
CRSHLTN,CSH,Carshalton
EARLSWD,ELD,Earlswood (Surrey)
TOOTING,TOO,Tooting
ALDTON,AGT,Aldrington
REDHILL,RDH,Redhill
MITCHMJ,MIJ,Mitcham Junction
GOSPLOK,GPO,Gospel Oak
ESTFLDS,MTC,Mitcham Eastfields
SALFDS,SAF,Salfords (Surrey)
BALHAM,BAL,Balham
NEWCLEE,NCE,New Clee
HKBG,HCB,Hackbridge
KNTSHTW,KTW,Kentish Town West
HORLEY,HOR,Horley
NEWSGAT,NSG,New Southgate
GTWK,GTW,Gatwick Airport
WDMNSTR,WME,Woodmansterne
BATRSPK,BAK,Battersea Park
THBDGS,TBD,Three Bridges
QTRDBAT,QRB,Queenstown Road (Battersea)
WALNGTN,WLT,Wallington
VICTRIC,VIC,London Victoria
VICTRIE,VIC,London Victoria
HOVE,HOV,Hove
KNTSHTN,KTN,Kentish Town
MERSTHM,MHM,Merstham
CMDNRD,CMD,Camden Road
WNDSWRD,WWR,Wandsworth Road
EUSTON,EUS,London Euston
WATONAS,WAS,Watton-at-Stone
STRHCOM,SRC,Streatham Common
UPRHLWY,UHL,Upper Holloway
ASHWELC,AWM,Ashwell & Morden
CLPHHS,CLP,Clapham High Street
COLSDNS,CDS,Coulsdon South
PRSP,PRP,Preston Park
STPXBOX,SPL,London St Pancras International LL
STPXBOX,STP,STPX
STRETHM,STE,Streatham
STPADOM,STP,London St Pancras International
COLSTWN,CDN,Coulsdon Town
CHRX,CHX,London Charing Cross
BOWESPK,BOP,Bowes Park
STRHILL,SRH,Streatham Hill
ALEXNDP,AAP,A Palace
KNGX,KGX,Kings X
KNGX,KGX,KNGX P9-10
HASOCKS,HSK,Hassocks
VAUXHLM,VXH,Vauxhall
VAUXHLW,VXH,Vauxhall
NUTFILD,NUF,Nutfield
CROUCHH,CRH,Crouch Hill
CLTHRPS,CLE,Cleethorpes
BALCOMB,BAB,Balcombe
CLDNNRB,CIR,Caledonian Road & Barnsbury
CUFFLEY,CUF,Cuffley
NORBURY,NRB,Norbury
REEDHMS,RHM,Reedham (Surrey)
HRNSY,HRN,Hornsey
PALMRSG,PAL,Palmers Green
CRHL,CWH,Crews Hill
BRGHTN,BTN,Brighton
WATRLMN,WAT,London Waterloo
BRIXTON,BRX,Brixton
WADDON,WDO,Waddon
BRGHLRD,LRB,London Road (Brighton)
WLOE,WAE,London Waterloo East
FNPK,FPK,Fins Pk  
HRGY,HGY,Harringay
DRYP,DYP,Drayton Park
PURLEY,PUR,Purley
WNMHILL,WIH,Winchmore Hill
BAYFORD,BAY,Bayford
FRNDNLT,ZFD,Farringdon (London)
HGHI,HHY,Highbury & Islington
HIGHBYA,HII,Highbury & Islington
BURGESH,BUG,Burgess Hill
HFDN,HFN,Hertford North
CTMSLNK,CTK,City Thameslink
BLFR,BFR,London Blackfriars
GRPK,GPK,Grange Park
TULSEH,TUH,Tulse Hill
GORDONH,GDH,Gordon Hill
HRGYGL,HRY,Harringay Green Lanes
WNORWOD,WNW,West Norwood
LBGHJN,LGJ,Loughborough Junction
HERNEH,HNH,Herne Hill
WVLSFLD,WVF,Wivelsfield
ELPHNAC,EPH,Elephant & Castle
ESSEXRD,EXR,Essex Road
WCROYDN,WCY,West Croydon
ENFC,ENC,Enfield Chase
THTH,TTH,Thornton Heath
BOSTON,BSN,Boston
CNNB,CNN,Canonbury
KNLY,KLY,Kenley
PURLEYO,PUO,Purley Oaks
RDLSDWN,RDD,Riddlesdown
MLSECMB,MCB,Moulsecoomb
CANONST,CST,London Cannon Street
MRGT,MOG,Moorgate
OLDST,OLD,Old Street
WDULWCH,WDU,West Dulwich
DENMRKH,DMK,Denmark Hill
SCROYDN,SCY,South Croydon
ECROYDN,ECR,East Croydon
SDSD,SNR,Sanderstead
LNDNBDC,LBG,London Bridge
LNDNBDE,LBG,London Bridge
NDULWCH,NDL,North Dulwich
ENFLDTN,ENF,Enfield Town
HERTFDE,HFE,Hertford East
HYWRDSH,HHE,Haywards Heath
SELHRST,SRS,Selhurst
LIVST,LST,London Liverpool Street
GIPSYH,GIP,Gipsy Hill
STMFDHL,SMH,Stamford Hill
FENCHRS,FST,London Fenchurch Street
EDULWCH,EDW,East Dulwich
SEVNSIS,SVS,Seven Sisters
DALSKLD,DLK,Dalston Kingsland
SYDNHMH,SYH,Sydenham Hill
HAGGERS,HGG,Haggerston
DALS,DLJ,Dalston Junction
HOXTON,HOX,Hoxton
SHRDHST,SDC,Shoreditch High Street
STKNWNG,SKW,Stoke Newington
STOTNHM,STO,South Tottenham
WHHRTLA,WHL,White Hart Lane
BHILLPK,BHK,Bush Hill Park
BRUCGRV,BCV,Bruce Grove
WHYTELF,WHY,Whyteleafe
SIVRST,SLV,Silver Street
NORWDJ,NWD,Norwood Junction
RCTRYRD,REC,Rectory Road
UWRLNGH,UWL,Upper Warlingham
CATERHM,CAT,Caterham
CRYSTLP,CYP,Crystal Palace
WHYTLFS,WHS,Whyteleafe South
PCKHMRY,PMR,Peckham Rye
PKHMRYC,PMR,Peckham Rye
EDMNGRN,EDR,Edmonton Green
TTNHMHL,TOM,Tottenham Hale
HAKNYNM,HAC,Hackney Downs
ANERLEY,ANZ,Anerley
FAMR,FMR,Falmer
BTHNLGR,BET,Bethnal Green
WCHAPEL,ZWL,Whitechapel
CLAPTON,CPT,Clapton
LONFLDS,LOF,London Fields
SBURY,SBU,Southbury
CAMHTH,CBH,Cambridge Heath (London)
NMBRLPK,NUM,Northumberland Park
HACKNYC,HKC,Hackney Central
SHADWEL,SDE,Shadwell
PENEW,PNW,Penge West
PCKHMQD,QRP,Queens Road Peckham
WAPPING,WPE,Wapping
MWRWSTN,MRW,Meridian Water
TURKYST,TUR,Turkey Street
SBRMNDS,SBM,South Bermondsey
ANGELRD,AGR,Angel Road
RTHERHI,ROE,Rotherhithe
BIRKBCK,BIK,Birkbeck
SYDENHM,SYD,Sydenham
ROYSTON,RYS,Royston
NUNHEAD,NHD,Nunhead
PNGEE,PNE,Penge East
FORESTH,FOH,Forest Hill
CNDAW,ZCW,Canada Water
SURREYQ,SQE,Surrey Quays
ELMERSE,ELE,Elmers End
BLCHSRD,BHO,Blackhorse Road
HOMRTON,HMN,Homerton
HONROPK,HPA,Honor Oak Park
THBLDSG,TEO,Theobalds Grove
WLDNGHM,WOH,Woldingham
WARE,WAR,Ware
KENTHOS,KTH,Kent House
PNDRSEN,PON,Ponders End
LIMHSE,LHS,Limehouse
LEABDGE,LEB,Lea Bridge
NEWXGEL,NXG,New Cross Gate ELL
NEWXGTE,NXG,New Cross Gate
GODSTON,GDN,Godstone
BRIMSDN,BMD,Brimsdown
CLOCKHS,CLK,Clock House
STJMSST,SJS,St James Street (London)
BROCKLY,BCY,Brockley
PLMPTON,PMP,Plumpton
ENFLDLK,ENL,Enfield Lock
CFPK,CFT,Crofton Park
WALHAMX,WLC,Waltham Cross
CHESHNT,CHN,Cheshunt
NBCKNHM,NBC,New Beckenham
NWCRELL,NWX,New Cross ELL
NWCROSS,NWX,New Cross
LSYDNHM,LSY,Lower Sydenham
WLTHQRD,WMW,Walthamstow Queens Road
HACKNYW,HKW,Hackney Wick
DEPTFD,DEP,Deptford
CATFORD,CTF,Catford
WLTWCEN,WHC,Walthamstow Central
CATFBDG,CFB,Catford Bridge
BCKNMJC,BKJ,Beckenham Junction
BCKNHMJ,BKJ,Beckenham Junction
BROXBRN,BXB,Broxbourne
EDPK,EDN,Eden Park
STJOHNS,SAJ,St Johns (London)
LDYW,LAD,Ladywell
MELDRTH,MEL,Meldreth
BELNGHM,BGM,Bellingham
BCKNHMH,BEC,Beckenham Hill
LEWISHM,LEW,Lewisham
GNWH,GNW,Greenwich
SMARGRT,SMT,St Margarets (Herts)
LEYTNMR,LEM,Leyton Midland Road
STFODOM,SFA,Stratford International
WWICKHM,WWI,West Wickham
RYEHOUS,RYH,Rye House
WDST,WST,Wood Street
STFD,SRA,Stratford (London)
HGHMSPK,HIP,Highams Park
RBRN,RVB,Ravensbourne
EGRNSTD,EGR,East Grinstead
HTHRGRN,HGR,Hither Green
MAZEH,MZH,Maze Hill
MRYLAND,MYL,Maryland
SHPRTH,STH,Shepreth
CHINGFD,CHI,Chingford
WHAMHL,WEH,West Ham
LYTNSHR,LER,Leytonstone High Road
OXTED,OXT,Oxted
OXTEDBY,OXT,Oxted
SHRTLND,SRT,Shortlands
LINGFLD,LFD,Lingfield
BLKHTH,BKH,Blackheath
DORMANS,DMS,Dormans
HRSTGRN,HUR,Hurst Green
LEEE,LEE,Lee
HAYS,HYS,Hayes (Kent)
COKSBDG,CBR,Cooksbridge
WCOMBEP,WCB,Westcombe Park
BROMLYN,BMN,Bromley North
BROMLYS,BMS,Bromley South
FRSTGT,FOG,Forest Gate
WNSTDPK,WNP,Wanstead Park
ROYDON,RYN,Roydon
GRVPK,GRP,Grove Park
SNDP,SUP,Sundridge Park
FOXTON,FXN,Foxton
KIDBROK,KDB,Kidbrooke
CRLN,CTN,Charlton
LEWES,LWS,Lewes
WDGRNPK,WGR,Woodgrange Park
MRCH,MCH,March
MANRPK,MNP,Manor Park
SESABUS ,ZBU,Southease - Piddinghoe Road
ELMW,ESD,Elmstead Woods
BICKLEY,BKL,Bickley
MOTNGHM,MTG,Mottingham
ELTHAM,ELW,Eltham
WOLWCDY,WWD,Woolwich Dockyard
SESARDM,SEE,Southease
CHSLHRS,CIT,Chislehurst
ILFORD,IFD,Ilford
WOLWCHA,WWA,Woolwich Arsenal
NWELTHM,NEH,New Eltham
EDNB,EBR,Edenbridge
BARKING,BKG,Barking
PETSWD,PET,Petts Wood
EDNT,EBT,Edenbridge Town
FALCNWD,FCN,Falconwood
HRLWTWN,HWN,Harlow Town
PLMS,PLU,Plumstead
ILFENBP,NRC,Newbury Park Station
NEWHVNT,NVN,Newhaven Town
NEWHVNH,NVH,Newhaven Harbour
SVNKNGS,SVK,Seven Kings
ORPNGTN,ORP,Orpington
GLYNDE,GLY,Glynde
WELLING,WLI,Welling
CAMBDGE,CBG,Cambridge
SIDCUP,SID,Sidcup
GODMAYS,GMY,Goodmayes
SHELFD,SED,Shelford (Cambs)
HEVER,HEV,Hever
STMRYC,SMY,St Mary Cray
BSSN,BIP,Bishopstone
CHLSFLD,CLD,Chelsfield
HRLWMIL,HWM,Harlow Mill
TCULVRT,TPC,Thorpe Culvert
UCKFILD,UCK,Uckfield
ABWD,ABW,Abbey Wood (London)
CAMBNTH,CMB,Cambridge North
CHDWLHT,CTH,Chadwell Heath
COWDEN,CWN,Cowden
ALBNYPK,AYP,Albany Park
MANEA,MNE,Manea
SEAFORD,SEF,Seaford
BXLYHTH,BXH,Bexleyheath
WTLESFD,WLF,Whittlesford Parkway
KNCKHLT,KCK,Knockholt
DGNHMDC,DDK,Dagenham Dock
SBDGWTH,SAW,Sawbridgeworth
BSHPSFD,BIS,Bishops Stortford
BEXLEY,BXY,Bexley
BELVEDR,BVD,Belvedere
BXTD,BXD,Buxted
WAINFLT,WFL,Wainfleet
WATBECH,WBC,Waterbeach
BRNHRST,BNH,Barnehurst
GTCHSFD,GRC,Great Chesterford
ASHURST,AHS,Ashurst (Kent)
SWLY,SAY,Swanley
ERITH,ERH,Erith
ROMFORD,RMF,Romford
STANMFC,SST,Stansted Mountfitchet
DTNG,DNG,Dunton Green
CRFD,CRY,Crayford
AUDLEYE,AUD,Audley End
PNSHRST,PHR,Penshurst
RNHAME,RNM,Rainham (London)
NEWPRTE,NWE,Newport (Essex)
HAVENHS,HVN,Havenhouse
SLADEGN,SGR,Slade Green
SVNOAKS,SEV,Sevenoaks
SHRMKT,SEH,Shoreham (Kent)
BERWICK,BRK,Berwick (Sussex)
GIDEAPK,GDP,Gidea Park
BATABAL,BBL,Bat & Ball
OTFORD,OTF,Otford
ELSENHM,ESM,Elsenham
CBGH,COH,Crowborough
EYNSFD,EYN,Eynsford
EMRSPKH,EMP,Emerson Park
ERIDGE,ERI,Eridge
DARTFD,DFD,Dartford
ELYY,ELY,Ely
LEIGHK,LIH,Leigh (Kent)
HRLDWOD,HRO,Harold Wood
PURFLET,PFL,Purfleet
FRNNGRD,FNR,Farningham Road
HLDNBRO,HLB,Hildenborough
STANAIR,SSD,Stansted Airport
UPMNSP6,UPM,Upminster
UPMNSTR,UPM,Upminster
SKEGNES,SKG,Skegness
KEMSING,KMS,Kemsing
STCR,SCG,Stone Crossing
LTLPORT,LTP,Littleport
POLGATE,PLG,Polegate
TUNWELL,TBW,Tunbridge Wells
GNHT,GNH,Greenhithe for Bluewater
TONBDG,TON,Tonbridge
CHADHDD,CFH,Chafford Hundred
OCKENDN,OCK,Ockendon
BRTWOOD,BRE,Brentwood
HBROOMS,HIB,High Brooms
LGFD,LGF,Longfield
DOWNHAM,DOW,Downham Market
SWNSCMB,SWM,Swanscombe
HMPDNPK,HMD,Hampden Park (Sussex)
FRANT,FRT,Frant
BORWGAW,BRG,Borough Green & Wrotham
EBOURNE,EBN,Eastbourne
WATLGTN,WTG,Watlington
GRAYS,GRY,Grays
SHENFLD,SNF,Shenfield
EBSFDOM,EBD,Ebbsfleet International
NRTHFLT,NFL,Northfleet
DULNGHM,DUL,Dullingham
WADHRST,WAD,Wadhurst
KLYNN,KLN,Kings Lynn
WHORNDN,WHR,West Horndon
TLBYTWN,TIL,Tilbury Town
PVNSYAW,PEV,Pevensey & Westham
MEOPHAM,MEP,Meopham
SPHL,SPP,Shippea Hill
NWMKET,NMK,Newmarket
GRVSEND,GRV,Gravesend
INGTSTN,INT,Ingatestone
PVNSYBY,PEB,Pevensey Bay
SOLEST,SOR,Sole Street
SNGT,SOG,Stonegate
PKWD,PDW,Paddock Wood
BILERCY,BIC,Billericay
ETILBRY,ETL,East Tilbury
BLTRNAB,BEG,Beltring
LAINDON,LAI,Laindon
SLEHOPE,SFO,Stanford-le-Hope
NRMNSBY,NSB,Normans Bay
YALDING,YAL,Yalding
WMALING,WMA,West Malling
WTRNGBY,WTR,Wateringbury
KENNETT,KNE,Kennett
EMALING,EML,East Malling
HALG,HAI,Halling
BASILDN,BSO,Basildon
CHLMSFD,CHM,Chelmsford
SNODLND,SDA,Snodland
CODNBCH,COB,Cooden Beach
NWHYTHE,NHE,New Hythe
ETCHNGM,ETC,Etchingham
CXTN,CUX,Cuxton
HIGM,HGM,Higham
AYLESFD,AYL,Aylesford
LAKNHTH,LAK,Lakenheath
BARMING,BMG,Barming
CTNG,CLL,Collington
RBRTSBD,RBR,Robertsbridge
EFARLGH,EFL,East Farleigh
PITSEA,PSE,Pitsea
STROOD,SOO,Strood
MARDEN,MRN,Marden
BEXHILL,BEX,Bexhill
WIKFORD,WIC,Wickford
RCHT,RTR,Rochester
MSTONEB,MDB,Maidstone Barracks
BATTLE,BAT,Battle
CHATHAM,CTM,Chatham
MSTONEW,MDW,Maidstone West
MSTONEE,MDE,Maidstone East
CRWHRST,CWU,Crowhurst
BRAINTR,BTR,Braintree
BRAINFP,BTP,Braintree Freeport
GLNGHMK,GLM,Gillingham (Kent)
CRESING,CES,Cressing
BTLSBDG,BLB,Battlesbridge
BENFLET,BEF,Benfleet
SPHS,SPU,Staplehurst
BNDON,BND,Brandon
WSLE,WLD,West St Leonards
HFLPEVL,HAP,Hatfield Peverel
WNOTLEY,WNY,White Notley
BSTD,BSD,Bearsted
RAYLEGH,RLG,Rayleigh
STLNRWS,SLQ,St Leonards Warrior Square
WDHAMFR,SOF,South Woodham Ferrers
HASTING,HGS,Hastings
RAINHMK,RAI,Rainham (Kent)
WITHAME,WTM,Witham (Essex)
OREE,ORE,Ore
LHONSEA,LES,Leigh-on-Sea
HBRN,HBN,Hollingbourne
DOLEHAM,DLH,Doleham
HEADCRN,HCN,Headcorn
THOK,TOK,Three Oaks
HOCKLEY,HOC,Hockley
BSTEDMS,BSE,Bury St Edmunds
CHLKWEL,CHW,Chalkwell
FAMBDGE,NFA,North Fambridge
NEWNGTN,NGT,Newington
KELVEDN,KEL,Kelvedon
HRSM,HRM,Harrietsham
WCLIFF,WCF,Westcliff-on-Sea
THETFD,TTF,Thetford
ROCHFD,RFD,Rochford
STHEAIR,SIA,Southend Airport
SUDBURY,SUY,Sudbury (Suffolk)
PRITLWL,PRL,Prittlewell
STHVIC,SOV,Southend Victoria
STHCENT,SOC,Southend Central
LENHAM,LEN,Lenham
STHNDE,SOE,Southend East
CHPWKSC,CWC,Chappel & Wakes Colne
WINCHLS,WSE,Winchelsea
BURES,BUE,Bures
ALTHORN,ALN,Althorne
KMSLY,KML,Kemsley
STNGBRN,SIT,Sittingbourne
SWALE,SWL,Swale
QUENBRO,QBR,Queenborough
THOPBAY,TPB,Thorpe Bay
MRKSTEY,MKT,Marks Tey
SHRNSOS,SSS,Sheerness-on-Sea
THUSTON,TRS,Thurston
RYEE,RYE,Rye
PLUCKLY,PLC,Pluckley
SHBRYNS,SRY,Shoeburyness
BRNMONC,BUU,Burnham-on-Crouch
CRNG,CHG,Charing (Kent)
TEYNHAM,TEY,Teynham
SMINSTR,SMN,Southminster
APDR,APD,Appledore (Kent)
HRLNGRD,HRD,Harling Road
ELMSWEL,ESW,Elmswell
CLCHSTR,COL,Colchester
CLCHRTN,CET,Colchester Town
HMST,HMT,Ham Street
ASHFKY,AFK,Ashford International
CLCHHYT,HYH,Hythe (Essex)
FAVRSHM,FAV,Faversham
ECLR,ECS,Eccles Road
WIVENHO,WIV,Wivenhoe
WYEE,WYE,Wye
STWMRKT,SMK,Stowmarket
ATTLBON,ATL,Attleborough
SELLING,SEG,Selling
ALRESFD,ALR,Alresford (Essex)
CLMN,CIL,Chilham
NEEDHAM,NMT,Needham Market
MANNGTR,MNG,Manningtree
SPONRRW,SPN,Spooner Row
CHARTHM,CRT,Chartham
GTBNTLY,GRB,Great Bentley
WHSTBLE,WHI,Whitstable
WYMNDHM,WMD,Wymondham
MISTLEY,MIS,Mistley
DISS,DIS,Diss
WENHNGR,WHA,Westenhanger
CHSW,CSW,Chestfield & Swalecliffe
CNTBW,CBW,Canterbury West
CNTBE,CBE,Canterbury East
WEELEY,WEE,Weeley
SDLG,SDG,Sandling
IPSWICH,IPS,Ipswich
SHRGHAM,SHM,Sheringham
WSTRFLD,WFI,Westerfield
HRNEBAY,HNB,Herne Bay
CLACTON,CLT,Clacton-on-Sea
STURRY,STU,Sturry
THPLESK,TLS,Thorpe-le-Soken
WRABNES,WRB,Wrabness
WRUNTON,WRN,West Runton
DERBYRD,DBR,Derby Road (Ipswich)
BEKSBRN,BKS,Bekesbourne
FLKSTNW,FKW,Folkestone West
CMER,CMR,Cromer
KIRBYX,KBX,Kirby Cross
RGHTNRD,RNR,Roughton Road
FLKSTNC,FKC,Folkestone Central
ADISHAM,ADM,Adisham
FRINTON,FRI,Frinton-on-Sea
PRKSTON,HPQ,Harwich International
NRCH,NRW,Norwich
ALSHAM,AYH,Aylesham
SNWDNAN,SWO,Snowdown
WONNAZE,WON,Walton-on-the-Naze
GUNTON,GNT,Gunton
DOVRCRT,DVC,Dovercourt
SWELL,SPH,Shepherds Well
HARWICH,HWC,Harwich Town
WODBDGE,WDB,Woodbridge
TRIMLEY,TRM,Trimley
NWALSHM,NWA,North Walsham
MELTON,MES,Melton (Suffolk)
KSNY,KSN,Kearsney
SALHOUS,SAH,Salhouse
WORSTED,WRT,Worstead
BCNGNOS,BCH,Birchington-on-Sea
FLXSTOW,FLX,Felixstowe
WROXHAM,HXM,Hoveton & Wroxham
MINSTER,MSR,Minster
DOVERP,DVP,Dover Priory
BRUNDLG,BGA,Brundall Gardens
WESGTOS,WGA,Westgate-on-Sea
WCKHMMR,WCM,Wickham Market
BRUNDAL,BDA,Brundall
SWCH,SDW,Sandwich
MMIL,MTM,Martin Mill
MARGATE,MAR,Margate
BUCKNHM,BUC,Buckenham
LGWOOD,LGD,Lingwood
WALMER,WAM,Walmer
RAMSGTE,RAM,Ramsgate
DEAL,DEA,Deal
CNTLEY,CNY,Cantley
SXMNDHM,SAX,Saxmundham
DUMPTNP,DMP,Dumpton Park
HALSWTH,HAS,Halesworth
BRSR,BSR,Broadstairs
ACLE,ACL,Acle
DARSHAM,DSM,Darsham
BRAMPTN,BRP,Brampton (Suffolk)
RDHAMN,REE,Reedham (Norfolk)
BECCLES,BCC,Beccles
HADISCO,HAD,Haddiscoe
BRNYARM,BYA,Berney Arms
SMRLYTN,SYT,Somerleyton
OULTNBS,OUS,Oulton Broad South
YARMTH,GYM,Great Yarmouth
OULTNBN,OUN,Oulton Broad North
LOWSTFT,LWT,Lowestoft
